key,Ametal,Bmetal,AandB,symbol,Crystal System,Surface,experimentally_observed,Full_optimized_DFT_H_ads_energy,surface_energy,Cost
mp-1183707_H_1_100,Co,Mo,Co-Mo,CoMo3,Cubic,100,False,-0.37133341,2.442219247806758,54.880775
mp-2083_H_1_100,Ir,Sn,Ir-Sn,Sn2Ir,Cubic,100,True,-0.27765255,1.090650622180931,45567.31803333332
mp-838_H_0_100,Cu,Sn,Cu-Sn,Cu3Sn,Cubic,100,True,-0.20635316,0.8615917677481899,15.4369325
mp-22040_H_0_100,Ir,Sn,Ir-Sn,Sn14Ir6,Cubic,100,True,-0.34021083,0.8829991862246664,41013.650435
mp-22040_H_2_100,Ir,Sn,Ir-Sn,Sn14Ir6,Cubic,100,True,-0.19969945,0.9679935106624536,41013.650435
mp-22344_H_0_100,Ru,Sn,Ru-Sn,Sn14Ru6,Cubic,100,True,-0.38301888,1.1481284620624874,6097.940435
mp-22344_H_2_100,Ru,Sn,Ru-Sn,Sn14Ru6,Cubic,100,True,-0.17173688,1.1995105483081083,6097.940435
mp-1009264_H_1_100,Co,Nb,Co-Nb,NbCo,Cubic,100,False,-0.38665545,2.146260779717409,57.05493
mp-1009826_H_1_100,Co,Ta,Co-Ta,TaCo,Cubic,100,False,-0.34627902,2.4163162481111606,192.17493
mp-1066232_H_0_100,Fe,Pt,Fe-Pt,Fe3Pt,Cubic,100,False,-0.27941948,2.6965973883741574,7676.8700375
mp-1089_H_1_100,Ir,Ti,Ir-Ti,TiIr3,Cubic,100,True,-0.39861359,2.756094099187406,102482.21043
mp-11501_H_1_100,Mn,Ni,Mn-Ni,MnNi3,Cubic,100,True,-0.38129825,2.1346450520353595,11.82464
mp-11516_H_1_100,Nb,Ru,Nb-Ru,NbRu,Cubic,100,True,-0.34538455,2.145835445975428,10167.69
mp-11552_H_0_100,Pt,Ti,Pt-Ti,TiPt,Cubic,100,True,-0.20238985,1.809788504331208,15357.00586
mp-1180_H_1_100,Mn,Pt,Mn-Pt,MnPt3,Cubic,100,True,-0.32307272,1.9335226064480648,23030.4009125
mp-1186016_H_0_100,Mo,Pt,Mo-Pt,Mo3Pt,Cubic,100,False,-0.23771054,2.595345066465862,7723.25081
mp-1187219_H_0_100,Pt,Ta,Pt-Ta,Ta3Pt,Cubic,100,False,-0.32905461,2.352939883712662,7939.7825
mp-12086_H_0_100,Cu,Pt,Cu-Pt,Cu3Pt,Cubic,100,True,-0.32055171,1.3821057275347777,7684.57142
mp-12107_H_1_100,Pt,Ti,Pt-Ti,TiPt3,Cubic,100,True,-0.29163777,1.927651718939245,23032.092930000003
mp-12110_H_0_100,Ru,Ta,Ru-Ta,TaRu,Cubic,100,True,-0.35850971,2.377702033853564,10302.81
mp-12798_H_0_100,Ni,Pt,Ni-Pt,Ni3Pt,Cubic,100,True,-0.33111648,1.89303346322706,7688.6037275
mp-13100_H_0_100,Mo,Pt,Mo-Pt,MoPt3,Cubic,100,False,-0.39789418,1.861274789484084,23045.870270000003
mp-13100_H_1_100,Mo,Pt,Mo-Pt,MoPt3,Cubic,100,False,-0.26269755,1.7124544320850417,23045.870270000003
mp-1649_H_0_100,Fe,Pt,Fe-Pt,Fe3Pt,Cubic,100,True,-0.27814426,2.695260396495425,7676.8700375
mp-571_H_0_100,Ni,Ti,Ni-Ti,TiNi,Cubic,100,True,-0.33297904,1.96231125226382,11.288345
mp-592_H_1_100,Ru,Ti,Ru-Ti,TiRu,Cubic,100,True,-0.39741606,2.73572470658859,10130.90086
mp-649_H_1_100,Fe,Pt,Fe-Pt,FePt3,Cubic,100,True,-0.36084181,1.9011005620865653,23030.4100125
mp-823_H_1_100,Co,Ti,Co-Ti,TiCo,Cubic,100,True,-0.35709993,2.2365605537920934,20.26579
mp-990532_H_0_100,Co,Ti,Co-Ti,TiCo,Cubic,100,False,-0.35871451,2.2355215337759025,20.26579
mp-10598_H_0_100,Cu,Sn,Cu-Sn,Cu2Sn2,Hexagonal,100,True,-0.29390235,0.8171087527690792,20.505305
mp-1183774_H_3_100,Co,Sn,Co-Sn,Co6Sn2,Hexagonal,100,False,-0.22585457,2.2004814296987063,32.935407500000004
mp-1185931_H_3_100,Mn,Pt,Mn-Pt,Mn6Pt2,Hexagonal,100,False,-0.37636634,2.275637112832274,7676.8427375
mp-1187258_H_1_100,Ru,Ta,Ru-Ta,Ta2Ru6,Hexagonal,100,False,-0.37557073,2.970220528602795,15278.89
mp-19856_H_1_100,Pt,Sn,Pt-Sn,Sn2Pt2,Hexagonal,100,True,-0.14355949,0.7506706664961562,15368.911025
mp-20112_H_3_100,Ni,Sn,Ni-Sn,Ni6Sn2,Hexagonal,100,True,-0.22328486,1.9449572918011293,19.46924
mp-2845_H_0_100,Pt,Sb,Pt-Sb,Sb2Pt2,Hexagonal,100,True,-0.30651917,0.8534559656840525,15368.220765
mp-30846_H_2_100,Pt,Sn,Pt-Sn,Sn6Pt4,Hexagonal,100,True,-0.3247502,0.7163109606910282,12301.25723
mp-810_H_1_100,Ni,Sb,Ni-Sb,Ni2Sb2,Hexagonal,100,True,-0.14393206,0.6964223980014687,22.50325
mp-974747_H_1_100,Cu,Mn,Cu-Mn,Mn2Cu6,Hexagonal,100,False,-0.32560295,1.9199181288229463,7.7923325
mp-1226032_H_1_100,Co,Sn,Co-Sn,Co3Sn2,Hexagonal,100,False,-0.28163444,1.7920129708617742,32.476736
mp-974421_H_1_100,Ir,Ru,Ir-Ru,IrRu,Hexagonal,100,False,-0.33531817,2.5322759077042902,78447.82
mp-1226063_H_0_100,Co,Ni,Co-Ni,CoNi,Orthorhombic,100,False,-0.39211611,2.143528074158025,24.722415
mp-1078699_H_0_100,Nb,Pt,Nb-Pt,Nb2Pt6,Orthorhombic,100,True,-0.31436257,1.6280404833907771,23050.487500000003
mp-1078699_H_1_110,Nb,Pt,Nb-Pt,Nb2Pt6,Orthorhombic,110,True,-0.35116474,1.9986158948892767,23050.487500000003
mp-1078699_H_2_110,Nb,Pt,Nb-Pt,Nb2Pt6,Orthorhombic,110,True,-0.2849613,1.9569727154071808,23050.487500000003
mp-1078699_H_3_110,Nb,Pt,Nb-Pt,Nb2Pt6,Orthorhombic,110,True,-0.35113592,2.042497479717813,23050.487500000003
mp-20900_H_0_100,Cu,Sb,Cu-Sb,Cu6Sb2,Orthorhombic,100,True,-0.1048023,0.5415409461083017,15.0918025
mp-20900_H_1_110,Cu,Sb,Cu-Sb,Cu6Sb2,Orthorhombic,110,True,-0.1532802,0.648619652965816,15.0918025
mp-30850_H_0_100,Pt,Ta,Pt-Ta,Ta2Pt6,Orthorhombic,100,True,-0.26997311,1.698590190330399,23118.0475
mp-581786_H_3_110,Cu,Sn,Cu-Sn,Cu6Sn2,Orthorhombic,110,True,-0.2109471,0.8580973747980352,15.4369325
mp-1077083_H_0_100,Fe,Sb,Fe-Sb,Fe2Sb4,Orthorhombic,100,False,-0.20824487,0.9396768463230044,19.54103666666666
mp-20714_H_0_100,Fe,Sb,Fe-Sb,Fe2Sb4,Orthorhombic,100,True,-0.20475903,0.906202342421342,19.54103666666666
mp-20928_H_0_100,Ru,Sb,Ru-Sb,Sb4Ru2,Orthorhombic,100,True,-0.26393799,1.024322652001725,6771.164353333331
mp-9835_H_0_100,Co,Sb,Co-Sb,Co2Sb4,Orthorhombic,100,True,-0.15776412,0.9119198311515486,30.74097333333332
mp-22752_H_1_100,Fe,Sn,Fe-Sn,Fe2Sn4,Tetragonal,100,True,-0.31686914,0.8575194055404274,20.461383333333327
mp-568_H_1_100,Sb,Ti,Sb-Ti,Ti2Sb4,Tetragonal,100,True,-0.3019885,0.9867635199159842,21.78492666666666
mp-1100766_H_0_100,Ni,Pt,Ni-Pt,Ni3Pt,Tetragonal,100,False,-0.36931035,1.8526776829256129,7688.6037275
mp-11798_H_1_100,Fe,Pt,Fe-Pt,Fe3Pt,Tetragonal,100,False,-0.26954173,2.663765673345881,7676.8700375
mp-1601_H_0_100,Ru,Ta,Ru-Ta,TaRu,Tetragonal,100,True,-0.25264121,2.530569546455202,10302.81
mp-2260_H_0_100,Fe,Pt,Fe-Pt,FePt,Tetragonal,100,True,-0.30567033,2.178740164130871,15353.640025
mp-432_H_1_100,Nb,Ru,Nb-Ru,NbRu,Tetragonal,100,True,-0.28273169,2.2543924489357083,10167.69
mp-568067_H_0_100,Ni,Pt,Ni-Pt,Ni2Pt2,Tetragonal,100,False,-0.32059529,1.865157426334595,15361.462485
mp-949_H_0_100,Co,Pt,Co-Pt,Co2Pt2,Tetragonal,100,True,-0.30944676,2.0118052569286284,15370.43993
mp-1030_H_0_110,Pt,Sb,Pt-Sb,SbPt7,Cubic,110,True,-0.39921677,1.3483806403498566,26872.44019125
mp-2083_H_0_110,Ir,Sn,Ir-Sn,Sn2Ir,Cubic,110,True,-0.19676806,0.7842023761615246,45567.31803333332
mp-1521_H_3_110,Mo,Sb,Mo-Sb,Sb14Mo6,Cubic,110,True,-0.29837413,0.9828701575026084,39.065395
mp-1521_H_4_110,Mo,Sb,Mo-Sb,Sb14Mo6,Cubic,110,True,-0.12648836,0.9731286932231992,39.065395
mp-22040_H_2_110,Ir,Sn,Ir-Sn,Sn14Ir6,Cubic,110,True,-0.2352282,0.7591149670642374,41013.650435
mp-22344_H_1_110,Ru,Sn,Ru-Sn,Sn14Ru6,Cubic,110,True,-0.11077339,1.0453663103869826,6097.940435
mp-22344_H_3_110,Ru,Sn,Ru-Sn,Sn14Ru6,Cubic,110,True,-0.13546557,0.9787313332464082,6097.940435
mp-1007852_H_0_110,Co,Fe,Co-Fe,FeCo3,Cubic,110,False,-0.362877,2.759350600655831,25.2999075
mp-1008349_H_0_110,Co,Ni,Co-Ni,Co3Ni,Cubic,110,False,-0.38720533,2.46885292939354,29.2111375
mp-1008349_H_1_110,Co,Ni,Co-Ni,Co3Ni,Cubic,110,False,-0.39778855,2.4426493421186684,29.2111375
mp-1018021_H_0_110,Co,Nb,Co-Nb,NbCo3,Cubic,110,False,-0.34482751,2.659785529234151,45.377395
mp-10596_H_0_110,Fe,Ir,Fe-Ir,FeIr3,Cubic,110,True,-0.33520887,2.665792898942424,102480.5275125
mp-11358_H_0_110,Co,Ta,Co-Ta,TaCo3,Cubic,110,True,-0.35630667,2.80769510006762,112.937395
mp-1180_H_0_110,Mn,Pt,Mn-Pt,MnPt3,Cubic,110,True,-0.25675615,1.9167794334098205,23030.4009125
mp-1180_H_1_110,Mn,Pt,Mn-Pt,MnPt3,Cubic,110,True,-0.38338236,1.9895243369505071,23030.4009125
mp-1183969_H_1_110,Cu,Sb,Cu-Sb,Cu3Sb,Cubic,110,False,-0.18109585,0.598596729703373,15.0918025
mp-1186016_H_0_110,Mo,Pt,Mo-Pt,Mo3Pt,Cubic,110,False,-0.32223138,2.631289950595649,7723.25081
mp-12086_H_0_110,Cu,Pt,Cu-Pt,Cu3Pt,Cubic,110,True,-0.33837422,1.412648496544035,7684.57142
mp-12107_H_0_110,Pt,Ti,Pt-Ti,TiPt3,Cubic,110,True,-0.17746719,1.9892042648443984,23032.092930000003
mp-12798_H_0_110,Ni,Pt,Ni-Pt,Ni3Pt,Cubic,110,True,-0.38265782,1.9777192353496904,7688.6037275
mp-13100_H_0_110,Mo,Pt,Mo-Pt,MoPt3,Cubic,110,False,-0.38821362,1.8475690049706333,23045.870270000003
mp-1339_H_0_110,Ir,Nb,Ir-Nb,NbIr3,Cubic,110,True,-0.29656967,2.870033606628823,102500.605
mp-1649_H_0_110,Fe,Pt,Fe-Pt,Fe3Pt,Cubic,110,True,-0.29594434,2.741016852683747,7676.8700375
mp-20971_H_0_110,Pt,Sn,Pt-Sn,SnPt3,Cubic,110,True,-0.1106465,1.3798659673609843,23038.0455125
mp-265_H_0_110,Ir,Ta,Ir-Ta,TaIr3,Cubic,110,True,-0.27636881,2.981379770127845,102568.165
mp-649_H_0_110,Fe,Pt,Fe-Pt,FePt3,Cubic,110,True,-0.29361635,1.8796612572856632,23030.4100125
mp-922_H_0_110,Co,Pt,Co-Pt,CoPt3,Cubic,110,True,-0.33814362,1.8217212975837789,23038.809965
mp-976847_H_0_110,Ni,Sb,Ni-Sb,Ni3Sb,Cubic,110,False,-0.38971604,1.3633372294469126,19.12411
mp-999543_H_0_110,Co,Mn,Co-Mn,MnCo3,Cubic,110,False,-0.35129912,2.760451717663064,25.2908075
mp-30788_H_0_110,Mo,Sn,Mo-Sn,Sn2Mo6,Cubic,110,True,-0.10641572,2.289443157487141,54.1163225
mp-1185931_H_1_110,Mn,Pt,Mn-Pt,Mn6Pt2,Hexagonal,110,False,-0.3596025,2.6206120043004866,7676.8427375
mp-1189793_H_0_110,Pt,Ti,Pt-Ti,Ti4Pt12,Hexagonal,110,True,-0.38157045,2.02115133092808,23032.092930000003
mp-1207123_H_0_110,Nb,Sb,Nb-Sb,Nb2Sb2,Hexagonal,110,False,-0.10558666,1.2693267902561558,54.835765
mp-13138_H_1_110,Cu,Sn,Cu-Sn,Cu6Sn2,Hexagonal,110,True,-0.20526428,0.8183737217358753,15.4369325
mp-13138_H_2_110,Cu,Sn,Cu-Sn,Cu6Sn2,Hexagonal,110,True,-0.24812978,0.8360542288747876,15.4369325
mp-19856_H_0_110,Pt,Sn,Pt-Sn,Sn2Pt2,Hexagonal,110,True,-0.24397403,0.8700026901406995,15368.911025
mp-30846_H_0_110,Pt,Sn,Pt-Sn,Sn6Pt4,Hexagonal,110,True,-0.13023442,0.6934930464557473,12301.25723
mp-810_H_0_110,Ni,Sb,Ni-Sb,Ni2Sb2,Hexagonal,110,True,-0.13558148,0.7874967661318009,22.50325
mp-972220_H_0_110,Pt,Ti,Pt-Ti,Ti2Pt6,Hexagonal,110,False,-0.36266554,2.0169047254976635,23032.092930000003
mp-976893_H_0_110,Ni,Sb,Ni-Sb,Ni6Sb2,Hexagonal,110,False,-0.34125687,1.3559026261090326,19.12411
mp-1225695_H_1_110,Cu,Ni,Cu-Ni,CuNi,Orthorhombic,110,False,-0.39195918,1.7201500738571105,13.056765
mp-1225698_H_1_110,Cu,Ni,Cu-Ni,Cu3Ni,Orthorhombic,110,False,-0.36906741,1.4674136323920812,11.7126625
mp-11514_H_0_110,Nb,Pt,Nb-Pt,NbPt2,Orthorhombic,110,True,-0.33916334,1.6670693329959625,20498.25666666666
mp-952_H_0_110,Mo,Pt,Mo-Pt,MoPt2,Orthorhombic,110,True,-0.37196734,1.8061976613517865,20492.100359999997
mp-20900_H_0_110,Cu,Sb,Cu-Sb,Cu6Sb2,Orthorhombic,110,True,-0.31887671,0.609531294945055,15.0918025
mp-30850_H_2_110,Pt,Ta,Pt-Ta,Ta2Pt6,Orthorhombic,110,True,-0.24481237,2.0630555243327184,23118.0475
mp-30850_H_3_110,Pt,Ta,Pt-Ta,Ta2Pt6,Orthorhombic,110,True,-0.33424847,2.179145393589512,23118.0475
mp-581786_H_0_110,Cu,Sn,Cu-Sn,Cu6Sn2,Orthorhombic,110,True,-0.20045541,0.8879810439484255,15.4369325
mp-20714_H_1_110,Fe,Sb,Fe-Sb,Fe2Sb4,Orthorhombic,110,True,-0.1195679,0.6983816804707472,19.54103666666666
mp-20928_H_1_110,Ru,Sb,Ru-Sb,Sb4Ru2,Orthorhombic,110,True,-0.17453303,0.922146292386843,6771.164353333331
mp-20928_H_2_110,Ru,Sb,Ru-Sb,Sb4Ru2,Orthorhombic,110,True,-0.25121898,1.409456594972618,6771.164353333331
mp-9835_H_0_110,Co,Sb,Co-Sb,Co2Sb4,Orthorhombic,110,True,-0.31552281,1.2639229535401113,30.74097333333332
mp-1078755_H_0_110,Pt,Sb,Pt-Sb,Sb2Pt6,Tetragonal,110,True,-0.22174146,1.1524973366262523,23037.700382500003
mp-1100766_H_0_110,Ni,Pt,Ni-Pt,Ni3Pt,Tetragonal,110,False,-0.38095698,1.910228574554892,7688.6037275
mp-1100766_H_1_110,Ni,Pt,Ni-Pt,Ni3Pt,Tetragonal,110,False,-0.39483707,1.9565677558079992,7688.6037275
mp-1183752_H_1_110,Co,Cu,Co-Cu,Co3Cu,Tetragonal,110,False,-0.36847611,2.298903014839156,27.867035
mp-1184054_H_1_110,Cu,Ni,Cu-Ni,CuNi3,Tetragonal,110,False,-0.34027028,1.8874326426512271,14.4008675
mp-1184336_H_1_110,Fe,Ir,Fe-Ir,FeIr3,Tetragonal,110,False,-0.33650948,2.6981078987699503,102480.5275125
mp-974358_H_0_110,Ir,Ru,Ir-Ru,Ir3Ru,Tetragonal,110,False,-0.36166308,2.73274798265452,107544.245
mp-974358_H_1_110,Ir,Ru,Ir-Ru,Ir3Ru,Tetragonal,110,False,-0.35795733,2.733477660510741,107544.245
mp-11798_H_0_110,Fe,Pt,Fe-Pt,Fe3Pt,Tetragonal,110,False,-0.29037132,2.710263645076628,7676.8700375
mp-11798_H_1_110,Fe,Pt,Fe-Pt,Fe3Pt,Tetragonal,110,False,-0.34356771,2.486728237788535,7676.8700375
mp-1221425_H_0_110,Mo,Pt,Mo-Pt,MoPt3,Trigonal,110,False,-0.38459495,1.9276094294271944,23045.870270000003
mp-1007854_H_0_111,Fe,Ni,Fe-Ni,FeNi3,Cubic,111,False,-0.37972524,2.223405473822476,11.83374
mp-1007854_H_1_111,Fe,Ni,Fe-Ni,FeNi3,Cubic,111,False,-0.29806201,2.041815171273916,11.83374
mp-1007854_H_2_111,Fe,Ni,Fe-Ni,FeNi3,Cubic,111,False,-0.28407781,2.287886609171274,11.83374
mp-1007854_H_3_111,Fe,Ni,Fe-Ni,FeNi3,Cubic,111,False,-0.35319052,2.0633996226095124,11.83374
mp-1030_H_0_111,Pt,Sb,Pt-Sb,SbPt7,Cubic,111,True,-0.37849367,1.0038004518986072,26872.44019125
mp-1030_H_1_111,Pt,Sb,Pt-Sb,SbPt7,Cubic,111,True,-0.39838467,1.0129116781829457,26872.44019125
mp-1183707_H_2_111,Co,Mo,Co-Mo,CoMo3,Cubic,111,False,-0.31646198,2.551191822734044,54.880775
mp-1184260_H_0_111,Cu,Fe,Cu-Fe,Fe3Cu,Cubic,111,False,-0.28368135,2.1212152458255864,2.6671775
mp-1186214_H_0_111,Cu,Nb,Cu-Nb,Nb3Cu,Cubic,111,False,-0.28948856,1.9868429664227216,62.89964
mp-1187196_H_1_111,Ir,Ta,Ir-Ta,Ta3Ir,Cubic,111,False,-0.11180275,2.8686256180069134,34423.155000000006
mp-1187204_H_0_111,Pt,Ta,Pt-Ta,Ta3Pt,Cubic,111,False,-0.34697202,2.498027100812773,7939.7825
mp-1187204_H_1_111,Pt,Ta,Pt-Ta,Ta3Pt,Cubic,111,False,-0.28687396,2.674761059596121,7939.7825
mp-12608_H_0_111,Cu,Pt,Cu-Pt,CuPt7,Cubic,111,True,-0.31508381,1.2849705460356056,26870.07857
mp-2002_H_2_111,Cu,Sb,Cu-Sb,Cu3Sb,Cubic,111,True,-0.25022178,0.3525314378507502,15.0918025
mp-2083_H_0_111,Ir,Sn,Ir-Sn,Sn2Ir,Cubic,111,True,-0.21408715,1.1597298908364242,45567.31803333332
mp-2083_H_1_111,Ir,Sn,Ir-Sn,Sn2Ir,Cubic,111,True,-0.23445964,0.5908732212532807,45567.31803333332
mp-998982_H_1_111,Sn,Ti,Sn-Ti,Ti3Sn,Cubic,111,False,-0.34814295,1.7119074078746366,12.7843025
mp-999378_H_2_111,Nb,Ni,Nb-Ni,NbNi3,Cubic,111,False,-0.28103197,2.1301488868628176,31.9112275
mp-1521_H_0_111,Mo,Sb,Mo-Sb,Sb14Mo6,Cubic,111,True,-0.11712251,0.7810018342942635,39.065395
mp-1521_H_3_111,Mo,Sb,Mo-Sb,Sb14Mo6,Cubic,111,True,-0.24921452,0.9208718427110844,39.065395
mp-1521_H_4_111,Mo,Sb,Mo-Sb,Sb14Mo6,Cubic,111,True,-0.26555459,1.1793411579387292,39.065395
mp-22040_H_0_111,Ir,Sn,Ir-Sn,Sn14Ir6,Cubic,111,True,-0.26290944,0.7320200322155602,41013.650435
mp-22040_H_2_111,Ir,Sn,Ir-Sn,Sn14Ir6,Cubic,111,True,-0.23295784,0.6493845105063588,41013.650435
mp-22344_H_3_111,Ru,Sn,Ru-Sn,Sn14Ru6,Cubic,111,True,-0.31299132,0.9146548232717824,6097.940435
mp-22344_H_4_111,Ru,Sn,Ru-Sn,Sn14Ru6,Cubic,111,True,-0.31873276,1.288475568836799,6097.940435
mp-1006883_H_0_111,Co,Ni,Co-Ni,CoNi,Cubic,111,False,-0.33952242,2.2467008355368105,24.722415
mp-1006883_H_1_111,Co,Ni,Co-Ni,CoNi,Cubic,111,False,-0.35076552,2.2627798335612748,24.722415
mp-10596_H_0_111,Fe,Ir,Fe-Ir,FeIr3,Cubic,111,True,-0.34625809,2.147532233507372,102480.5275125
mp-11364_H_1_111,Cu,Ti,Cu-Ti,TiCu,Cubic,111,False,-0.11639606,1.6640553084086245,8.60014
mp-11552_H_0_111,Pt,Ti,Pt-Ti,TiPt,Cubic,111,True,-0.20994828,1.4462153638763169,15357.00586
mp-1180_H_0_111,Mn,Pt,Mn-Pt,MnPt3,Cubic,111,True,-0.3152699,1.5059626390724012,23030.4009125
mp-12086_H_0_111,Cu,Pt,Cu-Pt,Cu3Pt,Cubic,111,True,-0.26992337,1.11463643985212,7684.57142
mp-12107_H_0_111,Pt,Ti,Pt-Ti,TiPt3,Cubic,111,True,-0.39687499,1.5553047921741578,23032.092930000003
mp-13100_H_0_111,Mo,Pt,Mo-Pt,MoPt3,Cubic,111,False,-0.223725,1.3492172535520166,23045.870270000003
mp-571_H_0_111,Ni,Ti,Ni-Ti,TiNi,Cubic,111,True,-0.3594055,1.7971421397956835,11.288345
mp-649_H_0_111,Fe,Pt,Fe-Pt,FePt3,Cubic,111,True,-0.33782389,1.4896830027293586,23030.4100125
mp-823_H_0_111,Co,Ti,Co-Ti,TiCo,Cubic,111,True,-0.35495702,2.134950444491253,20.26579
mp-922_H_0_111,Co,Pt,Co-Pt,CoPt3,Cubic,111,True,-0.35906491,1.4534916932848247,23038.809965
mp-1186237_H_0_111,Nb,Sn,Nb-Sn,Nb2Sn6,Hexagonal,111,False,-0.37137331,0.3599505788723528,43.0840375
mp-1207123_H_1_111,Nb,Sb,Nb-Sb,Nb2Sb2,Hexagonal,111,False,-0.15162561,1.4643030934280614,54.835765
mp-13138_H_0_111,Cu,Sn,Cu-Sn,Cu6Sn2,Hexagonal,111,True,-0.21137339,0.887685669246072,15.4369325
mp-19856_H_0_111,Pt,Sn,Pt-Sn,Sn2Pt2,Hexagonal,111,True,-0.34966611,1.0004623291219608,15368.911025
mp-19856_H_1_111,Pt,Sn,Pt-Sn,Sn2Pt2,Hexagonal,111,True,-0.1204486,1.000737249316762,15368.911025
mp-30846_H_0_111,Pt,Sn,Pt-Sn,Sn6Pt4,Hexagonal,111,True,-0.16003284,0.7748709980066928,12301.25723
mp-30846_H_1_111,Pt,Sn,Pt-Sn,Sn6Pt4,Hexagonal,111,True,-0.13424118,0.7986411243259854,12301.25723
mp-30846_H_2_111,Pt,Sn,Pt-Sn,Sn6Pt4,Hexagonal,111,True,-0.14286467,0.7331177379393158,12301.25723
mp-30846_H_3_111,Pt,Sn,Pt-Sn,Sn6Pt4,Hexagonal,111,True,-0.1758301,0.7715941811355762,12301.25723
mp-30846_H_4_111,Pt,Sn,Pt-Sn,Sn6Pt4,Hexagonal,111,True,-0.13754732,0.7443710956662091,12301.25723
mp-810_H_0_111,Ni,Sb,Ni-Sb,Ni2Sb2,Hexagonal,111,True,-0.23478475,0.94748501374226,22.50325
mp-810_H_1_111,Ni,Sb,Ni-Sb,Ni2Sb2,Hexagonal,111,True,-0.25123753,0.974519201520344,22.50325
mp-1078699_H_4_111,Nb,Pt,Nb-Pt,Nb2Pt6,Orthorhombic,111,True,-0.39771754,2.032090716665301,23050.487500000003
mp-20900_H_0_111,Cu,Sb,Cu-Sb,Cu6Sb2,Orthorhombic,111,True,-0.21583818,0.6577320801144291,15.0918025
mp-20900_H_1_111,Cu,Sb,Cu-Sb,Cu6Sb2,Orthorhombic,111,True,-0.11551656,0.6693477376300563,15.0918025
mp-20900_H_2_111,Cu,Sb,Cu-Sb,Cu6Sb2,Orthorhombic,111,True,-0.32133275,0.7215577921659687,15.0918025
mp-20900_H_4_111,Cu,Sb,Cu-Sb,Cu6Sb2,Orthorhombic,111,True,-0.22956366,0.6998114138207773,15.0918025
mp-20900_H_5_111,Cu,Sb,Cu-Sb,Cu6Sb2,Orthorhombic,111,True,-0.12943948,0.7693177435605769,15.0918025
mp-581786_H_1_111,Cu,Sn,Cu-Sn,Cu6Sn2,Orthorhombic,111,True,-0.28738664,0.879571648035104,15.4369325
mp-581786_H_2_111,Cu,Sn,Cu-Sn,Cu6Sn2,Orthorhombic,111,True,-0.1654559,0.9228705716964664,15.4369325
mp-581786_H_4_111,Cu,Sn,Cu-Sn,Cu6Sn2,Orthorhombic,111,True,-0.15613835,0.91288737116892,15.4369325
mp-581786_H_5_111,Cu,Sn,Cu-Sn,Cu6Sn2,Orthorhombic,111,True,-0.11466557,0.9791747644927596,15.4369325
mp-20714_H_0_111,Fe,Sb,Fe-Sb,Fe2Sb4,Orthorhombic,111,True,-0.39459594,0.8950870337118576,19.54103666666666
mp-20714_H_1_111,Fe,Sb,Fe-Sb,Fe2Sb4,Orthorhombic,111,True,-0.22668033,0.978068075445276,19.54103666666666
mp-20928_H_4_111,Ru,Sb,Ru-Sb,Sb4Ru2,Orthorhombic,111,True,-0.11719895,1.1656839623886563,6771.164353333331
mp-9835_H_0_111,Co,Sb,Co-Sb,Co2Sb4,Orthorhombic,111,True,-0.28788707,0.925476788589998,30.74097333333332
mp-9835_H_1_111,Co,Sb,Co-Sb,Co2Sb4,Orthorhombic,111,True,-0.11799429,0.9529375511879384,30.74097333333332
mp-1072181_H_0_111,Fe,Sb,Fe-Sb,Fe2Sb4,Tetragonal,111,True,-0.24070503,0.4956042589605582,19.54103666666666
mp-1072181_H_2_111,Fe,Sb,Fe-Sb,Fe2Sb4,Tetragonal,111,True,-0.33548246,0.4446906230441501,19.54103666666666
mp-20086_H_0_111,Mn,Sn,Mn-Sn,Mn2Sn4,Tetragonal,111,True,-0.20002387,0.9817795413194864,20.44925
mp-20086_H_1_111,Mn,Sn,Mn-Sn,Mn2Sn4,Tetragonal,111,True,-0.17013869,1.0782427095371876,20.44925
mp-20086_H_2_111,Mn,Sn,Mn-Sn,Mn2Sn4,Tetragonal,111,True,-0.18710522,0.9243512356025304,20.44925
mp-20086_H_3_111,Mn,Sn,Mn-Sn,Mn2Sn4,Tetragonal,111,True,-0.23399633,0.8823831430502391,20.44925
mp-20155_H_0_111,Co,Sn,Co-Sn,Co2Sn4,Tetragonal,111,True,-0.22184664,0.837899625797754,31.66131999999999
mp-20155_H_2_111,Co,Sn,Co-Sn,Co2Sn4,Tetragonal,111,True,-0.17701998,0.8027734497268889,31.66131999999999
mp-20155_H_3_111,Co,Sn,Co-Sn,Co2Sn4,Tetragonal,111,True,-0.22348949,0.8340814320354135,31.66131999999999
mp-22752_H_0_111,Fe,Sn,Fe-Sn,Fe2Sn4,Tetragonal,111,True,-0.34644242,0.9164452975652364,20.461383333333327
mp-22752_H_1_111,Fe,Sn,Fe-Sn,Fe2Sn4,Tetragonal,111,True,-0.19619126,1.0121810051045506,20.461383333333327
mp-22752_H_2_111,Fe,Sn,Fe-Sn,Fe2Sn4,Tetragonal,111,True,-0.19716073,0.8564519572753387,20.461383333333327
mp-22752_H_3_111,Fe,Sn,Fe-Sn,Fe2Sn4,Tetragonal,111,True,-0.23018211,0.8554232019640398,20.461383333333327
mp-510219_H_0_111,Ru,Sn,Ru-Sn,Sn4Ru2,Tetragonal,111,True,-0.27271038,0.9875952444332408,6772.084699999998
mp-510219_H_1_111,Ru,Sn,Ru-Sn,Sn4Ru2,Tetragonal,111,True,-0.12354695,1.075862250126983,6772.084699999998
mp-510219_H_2_111,Ru,Sn,Ru-Sn,Sn4Ru2,Tetragonal,111,True,-0.24202628,0.9424683606960056,6772.084699999998
mp-510219_H_3_111,Ru,Sn,Ru-Sn,Sn4Ru2,Tetragonal,111,True,-0.3493167,0.9851628123386456,6772.084699999998
mp-568_H_3_111,Sb,Ti,Sb-Ti,Ti2Sb4,Tetragonal,111,True,-0.31129682,0.925758470684605,21.78492666666666
mp-973354_H_1_111,Pt,Sb,Pt-Sb,SbPt3,Tetragonal,111,False,-0.2716012,0.6810596564411319,23037.700382500003
mp-1120769_H_0_111,Pt,Ru,Pt-Ru,RuPt,Tetragonal,111,False,-0.36137784,2.2125879641567514,25481.075
mp-1235_H_1_111,Ir,Ti,Ir-Ti,Ti2Ir2,Tetragonal,111,True,-0.28228125,2.303905547058123,68323.75086
mp-1601_H_1_111,Ru,Ta,Ru-Ta,TaRu,Tetragonal,111,True,-0.37025166,2.501551078386238,10302.81
mp-2213_H_0_111,Fe,Ni,Fe-Ni,Fe2Ni2,Tetragonal,111,True,-0.34467688,2.559485056262764,7.92251
mp-2260_H_0_111,Fe,Pt,Fe-Pt,FePt,Tetragonal,111,True,-0.35247603,2.308324326174044,15353.640025
mp-432_H_0_111,Nb,Ru,Nb-Ru,NbRu,Tetragonal,111,True,-0.27974335,2.317759484120512,10167.69
mp-949_H_0_111,Co,Pt,Co-Pt,Co2Pt2,Tetragonal,111,True,-0.39612369,2.119936959623673,15370.43993
mp-1221425_H_0_111,Mo,Pt,Mo-Pt,MoPt3,Trigonal,111,False,-0.38164267,1.9722650059753888,23045.870270000003
mp-2083_H_0_210,Ir,Sn,Ir-Sn,Sn2Ir,Cubic,210,True,-0.1401535,1.0136915948828826,45567.31803333332
mp-838_H_0_210,Cu,Sn,Cu-Sn,Cu3Sn,Cubic,210,True,-0.13265035,0.731595416343544,15.4369325
mp-1521_H_5_210,Mo,Sb,Mo-Sb,Sb14Mo6,Cubic,210,True,-0.16931093,0.998435002466024,39.065395
mp-22344_H_3_210,Ru,Sn,Ru-Sn,Sn14Ru6,Cubic,210,True,-0.3645967,1.138195169905296,6097.940435
mp-1009207_H_1_210,Mn,Sb,Mn-Sb,MnSb,Cubic,210,False,-0.21214845,1.1045596018656358,14.66259
mp-11552_H_0_210,Pt,Ti,Pt-Ti,TiPt,Cubic,210,True,-0.2070045,1.6160325779109208,15357.00586
mp-1183969_H_1_210,Cu,Sb,Cu-Sb,Cu3Sb,Cubic,210,False,-0.30026883,0.7590966781710543,15.0918025
mp-12086_H_0_210,Cu,Pt,Cu-Pt,Cu3Pt,Cubic,210,True,-0.3257783,1.506914294919244,7684.57142
mp-12086_H_1_210,Cu,Pt,Cu-Pt,Cu3Pt,Cubic,210,True,-0.29030203,1.5013330664286848,7684.57142
mp-12798_H_0_210,Ni,Pt,Ni-Pt,Ni3Pt,Cubic,210,True,-0.3955775,2.057844465909902,7688.6037275
mp-10598_H_0_210,Cu,Sn,Cu-Sn,Cu2Sn2,Hexagonal,210,True,-0.19085743,0.7278672277010587,20.505305
mp-1207123_H_2_210,Nb,Sb,Nb-Sb,Nb2Sb2,Hexagonal,210,False,-0.20430633,1.5292238375974925,54.835765
mp-13138_H_0_210,Cu,Sn,Cu-Sn,Cu6Sn2,Hexagonal,210,True,-0.24530253,0.8279590621785623,15.4369325
mp-13138_H_1_210,Cu,Sn,Cu-Sn,Cu6Sn2,Hexagonal,210,True,-0.28916604,0.9214502218350684,15.4369325
mp-13138_H_2_210,Cu,Sn,Cu-Sn,Cu6Sn2,Hexagonal,210,True,-0.2554544,0.9981654035778816,15.4369325
mp-13138_H_4_210,Cu,Sn,Cu-Sn,Cu6Sn2,Hexagonal,210,True,-0.22746902,0.9030209395126564,15.4369325
mp-13138_H_5_210,Cu,Sn,Cu-Sn,Cu6Sn2,Hexagonal,210,True,-0.20765169,1.0106878362310758,15.4369325
mp-19856_H_1_210,Pt,Sn,Pt-Sn,Sn2Pt2,Hexagonal,210,True,-0.22154882,0.8569125587193728,15368.911025
mp-19856_H_2_210,Pt,Sn,Pt-Sn,Sn2Pt2,Hexagonal,210,True,-0.20230904,1.0118959707318125,15368.911025
mp-22389_H_1_210,Mn,Sn,Mn-Sn,Mn6Sn2,Hexagonal,210,True,-0.12484246,1.4455441953254915,7.70825
mp-2845_H_0_210,Pt,Sb,Pt-Sb,Sb2Pt2,Hexagonal,210,True,-0.28421273,0.7054267969024379,15368.220765
mp-30846_H_0_210,Pt,Sn,Pt-Sn,Sn6Pt4,Hexagonal,210,True,-0.14253215,0.7229070660120318,12301.25723
mp-30846_H_1_210,Pt,Sn,Pt-Sn,Sn6Pt4,Hexagonal,210,True,-0.20551233,0.8252111502270947,12301.25723
mp-30846_H_2_210,Pt,Sn,Pt-Sn,Sn6Pt4,Hexagonal,210,True,-0.27412836,0.7156628550028721,12301.25723
mp-810_H_1_210,Ni,Sb,Ni-Sb,Ni2Sb2,Hexagonal,210,True,-0.22402089,0.7906654469177574,22.50325
mp-810_H_2_210,Ni,Sb,Ni-Sb,Ni2Sb2,Hexagonal,210,True,-0.24526628,0.9797380170082992,22.50325
mp-1184069_H_0_210,Cu,Ni,Cu-Ni,CuNi,Hexagonal,210,False,-0.34569393,1.8986047780319533,13.056765
mp-1218950_H_0_210,Mo,Sn,Mo-Sn,SnMo3,Orthorhombic,210,False,-0.34396635,1.773033500360723,54.1163225
mp-20900_H_0_210,Cu,Sb,Cu-Sb,Cu6Sb2,Orthorhombic,210,True,-0.22038803,0.7201282631813798,15.0918025
mp-20900_H_1_210,Cu,Sb,Cu-Sb,Cu6Sb2,Orthorhombic,210,True,-0.12521583,0.6388625676303543,15.0918025
mp-30850_H_0_210,Pt,Ta,Pt-Ta,Ta2Pt6,Orthorhombic,210,True,-0.34875783,1.968447770880666,23118.0475
mp-581786_H_0_210,Cu,Sn,Cu-Sn,Cu6Sn2,Orthorhombic,210,True,-0.18912976,0.8860990970916668,15.4369325
mp-581786_H_1_210,Cu,Sn,Cu-Sn,Cu6Sn2,Orthorhombic,210,True,-0.22411983,0.8525255541800856,15.4369325
mp-20714_H_1_210,Fe,Sb,Fe-Sb,Fe2Sb4,Orthorhombic,210,True,-0.20212316,0.8335200912423852,19.54103666666666
mp-20714_H_2_210,Fe,Sb,Fe-Sb,Fe2Sb4,Orthorhombic,210,True,-0.21670568,0.9976161880238598,19.54103666666666
mp-20928_H_1_210,Ru,Sb,Ru-Sb,Sb4Ru2,Orthorhombic,210,True,-0.16573081,0.9835541515149754,6771.164353333331
mp-20928_H_2_210,Ru,Sb,Ru-Sb,Sb4Ru2,Orthorhombic,210,True,-0.26346584,1.1325907797430754,6771.164353333331
mp-9835_H_0_210,Co,Sb,Co-Sb,Co2Sb4,Orthorhombic,210,True,-0.22258749,0.9951376413972112,30.74097333333332
mp-9835_H_1_210,Co,Sb,Co-Sb,Co2Sb4,Orthorhombic,210,True,-0.20560689,0.8303164749186156,30.74097333333332
mp-9835_H_2_210,Co,Sb,Co-Sb,Co2Sb4,Orthorhombic,210,True,-0.19998723,0.9876986091869768,30.74097333333332
mp-949_H_1_210,Co,Pt,Co-Pt,Co2Pt2,Tetragonal,210,True,-0.35346223,2.2140701838383743,15370.43993
mp-2002_H_0_211,Cu,Sb,Cu-Sb,Cu3Sb,Cubic,211,True,-0.15197787,0.3570892531086651,15.0918025
mp-2083_H_0_211,Ir,Sn,Ir-Sn,Sn2Ir,Cubic,211,True,-0.20751188,0.8750796056580818,45567.31803333332
mp-838_H_0_211,Cu,Sn,Cu-Sn,Cu3Sn,Cubic,211,True,-0.10302578,0.7322990380782837,15.4369325
mp-22040_H_0_211,Ir,Sn,Ir-Sn,Sn14Ir6,Cubic,211,True,-0.10270811,0.7011248488268959,41013.650435
mp-1009207_H_0_211,Mn,Sb,Mn-Sb,MnSb,Cubic,211,False,-0.17487366,0.9095204923795824,14.66259
mp-11552_H_0_211,Pt,Ti,Pt-Ti,TiPt,Cubic,211,True,-0.24028649,1.3969900051421902,15357.00586
mp-12086_H_0_211,Cu,Pt,Cu-Pt,Cu3Pt,Cubic,211,True,-0.3031862,1.3477229481657298,7684.57142
mp-12086_H_1_211,Cu,Pt,Cu-Pt,Cu3Pt,Cubic,211,True,-0.33866303,1.353102272942543,7684.57142
mp-10598_H_3_211,Cu,Sn,Cu-Sn,Cu2Sn2,Hexagonal,211,True,-0.35658364,0.8383116687735297,20.505305
mp-1186237_H_0_211,Nb,Sn,Nb-Sn,Nb2Sn6,Hexagonal,211,False,-0.10922943,0.4518995579343862,43.0840375
mp-1187261_H_2_211,Sn,Ta,Sn-Ta,Ta2Sn6,Hexagonal,211,False,-0.31255709,0.2822863957363477,110.6440375
mp-13138_H_0_211,Cu,Sn,Cu-Sn,Cu6Sn2,Hexagonal,211,True,-0.20387758,0.8831802506571611,15.4369325
mp-13138_H_1_211,Cu,Sn,Cu-Sn,Cu6Sn2,Hexagonal,211,True,-0.18827694,0.8822354922708245,15.4369325
mp-13138_H_2_211,Cu,Sn,Cu-Sn,Cu6Sn2,Hexagonal,211,True,-0.28712313,0.8657146793792481,15.4369325
mp-19856_H_0_211,Pt,Sn,Pt-Sn,Sn2Pt2,Hexagonal,211,True,-0.31098323,0.949450943414734,15368.911025
mp-19856_H_1_211,Pt,Sn,Pt-Sn,Sn2Pt2,Hexagonal,211,True,-0.35511669,1.08815628902799,15368.911025
mp-19856_H_2_211,Pt,Sn,Pt-Sn,Sn2Pt2,Hexagonal,211,True,-0.16979861,0.9583101237479048,15368.911025
mp-2845_H_1_211,Pt,Sb,Pt-Sb,Sb2Pt2,Hexagonal,211,True,-0.2119453,0.8368014676035871,15368.220765
mp-2845_H_3_211,Pt,Sb,Pt-Sb,Sb2Pt2,Hexagonal,211,True,-0.37844286,0.8663262721000815,15368.220765
mp-30846_H_0_211,Pt,Sn,Pt-Sn,Sn6Pt4,Hexagonal,211,True,-0.13651096,0.7347713593094635,12301.25723
mp-30846_H_1_211,Pt,Sn,Pt-Sn,Sn6Pt4,Hexagonal,211,True,-0.2190746,0.8128752805684181,12301.25723
mp-30846_H_2_211,Pt,Sn,Pt-Sn,Sn6Pt4,Hexagonal,211,True,-0.18217799,0.749254064703178,12301.25723
mp-30846_H_3_211,Pt,Sn,Pt-Sn,Sn6Pt4,Hexagonal,211,True,-0.12811078,0.7502717688216917,12301.25723
mp-810_H_0_211,Ni,Sb,Ni-Sb,Ni2Sb2,Hexagonal,211,True,-0.25274093,0.8916559651881585,22.50325
mp-810_H_1_211,Ni,Sb,Ni-Sb,Ni2Sb2,Hexagonal,211,True,-0.28702265,1.082598086482708,22.50325
mp-810_H_2_211,Ni,Sb,Ni-Sb,Ni2Sb2,Hexagonal,211,True,-0.20782505,0.918049271565046,22.50325
mp-20900_H_3_211,Cu,Sb,Cu-Sb,Cu6Sb2,Orthorhombic,211,True,-0.19333554,0.7388449160422998,15.0918025
mp-20900_H_4_211,Cu,Sb,Cu-Sb,Cu6Sb2,Orthorhombic,211,True,-0.23134589,0.7823681643252358,15.0918025
mp-20900_H_7_211,Cu,Sb,Cu-Sb,Cu6Sb2,Orthorhombic,211,True,-0.2870102,0.7412098736062673,15.0918025
mp-581786_H_2_211,Cu,Sn,Cu-Sn,Cu6Sn2,Orthorhombic,211,True,-0.14604197,0.9684681066338348,15.4369325
mp-581786_H_3_211,Cu,Sn,Cu-Sn,Cu6Sn2,Orthorhombic,211,True,-0.14977591,0.923911693001582,15.4369325
mp-581786_H_5_211,Cu,Sn,Cu-Sn,Cu6Sn2,Orthorhombic,211,True,-0.14651976,0.9281803833265814,15.4369325
mp-581786_H_6_211,Cu,Sn,Cu-Sn,Cu6Sn2,Orthorhombic,211,True,-0.11212651,0.9275437439275924,15.4369325
mp-20714_H_1_211,Fe,Sb,Fe-Sb,Fe2Sb4,Orthorhombic,211,True,-0.34561709,0.9486999955301588,19.54103666666666
mp-20714_H_4_211,Fe,Sb,Fe-Sb,Fe2Sb4,Orthorhombic,211,True,-0.26633025,0.9777342218369348,19.54103666666666
mp-20928_H_4_211,Ru,Sb,Ru-Sb,Sb4Ru2,Orthorhombic,211,True,-0.34466028,1.1186882154240727,6771.164353333331
mp-9835_H_0_211,Co,Sb,Co-Sb,Co2Sb4,Orthorhombic,211,True,-0.33803772,0.9969651694749756,30.74097333333332
mp-9835_H_1_211,Co,Sb,Co-Sb,Co2Sb4,Orthorhombic,211,True,-0.25523544,0.9706553355564262,30.74097333333332
mp-9835_H_4_211,Co,Sb,Co-Sb,Co2Sb4,Orthorhombic,211,True,-0.20445,0.9763852540625692,30.74097333333332
mp-20155_H_2_211,Co,Sn,Co-Sn,Co2Sn4,Tetragonal,211,True,-0.21967854,1.0526186023019786,31.66131999999999
mp-22752_H_0_211,Fe,Sn,Fe-Sn,Fe2Sn4,Tetragonal,211,True,-0.26073252,0.8513771770376123,20.461383333333327
mp-510219_H_0_211,Ru,Sn,Ru-Sn,Sn4Ru2,Tetragonal,211,True,-0.24587532,0.8881660423954755,6772.084699999998
mp-510219_H_2_211,Ru,Sn,Ru-Sn,Sn4Ru2,Tetragonal,211,True,-0.33637131,1.2225689947028169,6772.084699999998
mp-568_H_2_211,Sb,Ti,Sb-Ti,Ti2Sb4,Tetragonal,211,True,-0.35701123,0.8732953188982153,21.78492666666666
mp-1100766_H_0_211,Ni,Pt,Ni-Pt,Ni3Pt,Tetragonal,211,False,-0.38425766,1.983241481292814,7688.6037275
mp-973354_H_3_211,Pt,Sb,Pt-Sb,SbPt3,Tetragonal,211,False,-0.37164718,0.8883294897004763,23037.700382500003
mp-1030_H_0_221,Pt,Sb,Pt-Sb,SbPt7,Cubic,221,True,-0.38008509,1.1871198701437111,26872.44019125
mp-2083_H_0_221,Ir,Sn,Ir-Sn,Sn2Ir,Cubic,221,True,-0.25729276,0.8603905125419432,45567.31803333332
mp-838_H_1_221,Cu,Sn,Cu-Sn,Cu3Sn,Cubic,221,True,-0.23421402,0.779560279350559,15.4369325
mp-1521_H_0_221,Mo,Sb,Mo-Sb,Sb14Mo6,Cubic,221,True,-0.28433442,0.9424318513755218,39.065395
mp-1009206_H_1_221,Mn,Sn,Mn-Sn,MnSn,Cubic,221,False,-0.29072565,1.1938858146035742,15.35285
mp-1009207_H_1_221,Mn,Sb,Mn-Sb,MnSb,Cubic,221,False,-0.19250603,0.9730334880710204,14.66259
mp-11552_H_1_221,Pt,Ti,Pt-Ti,TiPt,Cubic,221,True,-0.30304897,1.459167996813119,15357.00586
mp-1180_H_0_221,Mn,Pt,Mn-Pt,MnPt3,Cubic,221,True,-0.29930358,1.739731848135278,23030.4009125
mp-1183969_H_1_221,Cu,Sb,Cu-Sb,Cu3Sb,Cubic,221,False,-0.15024316,0.5318582600943615,15.0918025
mp-12086_H_0_221,Cu,Pt,Cu-Pt,Cu3Pt,Cubic,221,True,-0.29489366,1.295684217056571,7684.57142
mp-12086_H_1_221,Cu,Pt,Cu-Pt,Cu3Pt,Cubic,221,True,-0.24726563,1.294837005979449,7684.57142
mp-12107_H_0_221,Pt,Ti,Pt-Ti,TiPt3,Cubic,221,True,-0.28422957,1.80729197783026,23032.092930000003
mp-12594_H_1_221,Ir,Ti,Ir-Ti,TiIr,Cubic,221,True,-0.38311261,1.7438898112494765,68323.75086
mp-13100_H_0_221,Mo,Pt,Mo-Pt,MoPt3,Cubic,221,False,-0.29597249,1.6174782694428993,23045.870270000003
mp-649_H_0_221,Fe,Pt,Fe-Pt,FePt3,Cubic,221,True,-0.33660882,1.7041321936211251,23030.4100125
mp-922_H_0_221,Co,Pt,Co-Pt,CoPt3,Cubic,221,True,-0.3625702,1.6516458948840582,23038.809965
mp-1207123_H_1_221,Nb,Sb,Nb-Sb,Nb2Sb2,Hexagonal,221,False,-0.18215324,1.3602971050345165,54.835765
mp-13138_H_0_221,Cu,Sn,Cu-Sn,Cu6Sn2,Hexagonal,221,True,-0.27265801,0.9187315884388058,15.4369325
mp-19856_H_0_221,Pt,Sn,Pt-Sn,Sn2Pt2,Hexagonal,221,True,-0.25837218,0.9427426072728003,15368.911025
mp-19856_H_1_221,Pt,Sn,Pt-Sn,Sn2Pt2,Hexagonal,221,True,-0.1546355,0.9488248106611732,15368.911025
mp-2845_H_0_221,Pt,Sb,Pt-Sb,Sb2Pt2,Hexagonal,221,True,-0.11240567,0.6614876089598022,15368.220765
mp-30846_H_0_221,Pt,Sn,Pt-Sn,Sn6Pt4,Hexagonal,221,True,-0.15305477,0.7161938291968459,12301.25723
mp-30846_H_1_221,Pt,Sn,Pt-Sn,Sn6Pt4,Hexagonal,221,True,-0.14831022,0.7379931731536422,12301.25723
mp-30846_H_2_221,Pt,Sn,Pt-Sn,Sn6Pt4,Hexagonal,221,True,-0.16593802,0.7215282886041526,12301.25723
mp-810_H_0_221,Ni,Sb,Ni-Sb,Ni2Sb2,Hexagonal,221,True,-0.21281032,0.8822441975982408,22.50325
mp-810_H_1_221,Ni,Sb,Ni-Sb,Ni2Sb2,Hexagonal,221,True,-0.201408,0.8993142696330475,22.50325
mp-1217110_H_3_221,Ru,Ti,Ru-Ti,Ti4Ru,Orthorhombic,221,False,-0.19003341,2.797101654280871,4056.4593760000007
mp-1078699_H_0_221,Nb,Pt,Nb-Pt,Nb2Pt6,Orthorhombic,221,True,-0.38428474,2.090503841258972,23050.487500000003
mp-20900_H_0_221,Cu,Sb,Cu-Sb,Cu6Sb2,Orthorhombic,221,True,-0.27518839,0.6545562009656577,15.0918025
mp-20900_H_1_221,Cu,Sb,Cu-Sb,Cu6Sb2,Orthorhombic,221,True,-0.34363293,0.7339192946164582,15.0918025
mp-20900_H_2_221,Cu,Sb,Cu-Sb,Cu6Sb2,Orthorhombic,221,True,-0.30230174,0.7064509575920248,15.0918025
mp-20900_H_3_221,Cu,Sb,Cu-Sb,Cu6Sb2,Orthorhombic,221,True,-0.34494688,0.7024080584066102,15.0918025
mp-20900_H_4_221,Cu,Sb,Cu-Sb,Cu6Sb2,Orthorhombic,221,True,-0.22593418,0.7395150445597525,15.0918025
mp-20900_H_5_221,Cu,Sb,Cu-Sb,Cu6Sb2,Orthorhombic,221,True,-0.18155188,0.7359700782689796,15.0918025
mp-581786_H_0_221,Cu,Sn,Cu-Sn,Cu6Sn2,Orthorhombic,221,True,-0.22132383,0.9371570147492624,15.4369325
mp-581786_H_1_221,Cu,Sn,Cu-Sn,Cu6Sn2,Orthorhombic,221,True,-0.13593819,0.9552088663905924,15.4369325
mp-581786_H_2_221,Cu,Sn,Cu-Sn,Cu6Sn2,Orthorhombic,221,True,-0.18781383,0.9683614225445016,15.4369325
mp-581786_H_3_221,Cu,Sn,Cu-Sn,Cu6Sn2,Orthorhombic,221,True,-0.19890817,0.9175379464783834,15.4369325
mp-581786_H_5_221,Cu,Sn,Cu-Sn,Cu6Sn2,Orthorhombic,221,True,-0.22595291,0.9594240599831364,15.4369325
mp-20714_H_2_221,Fe,Sb,Fe-Sb,Fe2Sb4,Orthorhombic,221,True,-0.12118899,0.8208636585485946,19.54103666666666
mp-20714_H_3_221,Fe,Sb,Fe-Sb,Fe2Sb4,Orthorhombic,221,True,-0.26678021,0.9441538721365528,19.54103666666666
mp-20928_H_2_221,Ru,Sb,Ru-Sb,Sb4Ru2,Orthorhombic,221,True,-0.18387927,1.0284350710173646,6771.164353333331
mp-20928_H_3_221,Ru,Sb,Ru-Sb,Sb4Ru2,Orthorhombic,221,True,-0.31911135,1.1520055505297428,6771.164353333331
mp-9835_H_0_221,Co,Sb,Co-Sb,Co2Sb4,Orthorhombic,221,True,-0.32635401,0.8418700093832959,30.74097333333332
mp-1072181_H_0_221,Fe,Sb,Fe-Sb,Fe2Sb4,Tetragonal,221,True,-0.26319651,0.4641970571112371,19.54103666666666
mp-1072181_H_1_221,Fe,Sb,Fe-Sb,Fe2Sb4,Tetragonal,221,True,-0.26640297,0.635321022506894,19.54103666666666
mp-20086_H_0_221,Mn,Sn,Mn-Sn,Mn2Sn4,Tetragonal,221,True,-0.14672684,0.9412600008558636,20.44925
mp-20086_H_1_221,Mn,Sn,Mn-Sn,Mn2Sn4,Tetragonal,221,True,-0.15905963,1.1148994473622582,20.44925
mp-20155_H_0_221,Co,Sn,Co-Sn,Co2Sn4,Tetragonal,221,True,-0.14918236,0.8107973203166616,31.66131999999999
mp-20155_H_2_221,Co,Sn,Co-Sn,Co2Sn4,Tetragonal,221,True,-0.23532628,0.792209376290914,31.66131999999999
mp-22752_H_0_221,Fe,Sn,Fe-Sn,Fe2Sn4,Tetragonal,221,True,-0.2331692,0.881321899591497,20.461383333333327
mp-22752_H_2_221,Fe,Sn,Fe-Sn,Fe2Sn4,Tetragonal,221,True,-0.37154025,0.8605838710416468,20.461383333333327
mp-510219_H_0_221,Ru,Sn,Ru-Sn,Sn4Ru2,Tetragonal,221,True,-0.25717356,0.9432197853471612,6772.084699999998
mp-510219_H_1_221,Ru,Sn,Ru-Sn,Sn4Ru2,Tetragonal,221,True,-0.27850883,1.1221709484819655,6772.084699999998
mp-510219_H_2_221,Ru,Sn,Ru-Sn,Sn4Ru2,Tetragonal,221,True,-0.37401592,0.9350583236383234,6772.084699999998
mp-568_H_0_221,Sb,Ti,Sb-Ti,Ti2Sb4,Tetragonal,221,True,-0.33963829,0.9080657708260692,21.78492666666666
