key,Bulk_id,symbol,Surface,in_domain,Bulk_concentration,surface_concentration,Crystal System,Point Group,EqV2_predicted_H_ads_E,single_point_DFT_H_ads_E
mp-2002_H_2_111,mp-2002,Cu3Sb,111,True,"{'Cu': 75.0, 'Sb': 25.0}",{'Cu': 100.0},Cubic,Fm3m,-0.208984375,-0.11115473
mp-1225009_H_3_111,mp-1225009,Fe6Ni4,111,True,"{'Fe': 60.0, 'Ni': 40.0}","{'Fe': 58.333333333333336, 'Ni': 41.66666666666667}",Tetragonal,P4mmm,-0.37890625,-0.50030114
mp-2083_H_1_111,mp-2083,Sn2Ir,111,True,"{'Ir': 33.33333333333333, 'Sn': 66.66666666666666}","{'Ir': 33.33333333333333, 'Sn': 66.66666666666666}",Cubic,Fm3m,-0.208984375,-0.22550031
mp-1521_H_4_111,mp-1521,Sb14Mo6,111,True,"{'Mo': 30.0, 'Sb': 70.0}","{'Mo': 28.000000000000004, 'Sb': 72.0}",Cubic,Im3m,-0.10546875,-0.23785692
mp-1521_H_3_111,mp-1521,Sb14Mo6,111,True,"{'Mo': 30.0, 'Sb': 70.0}","{'Mo': 31.57894736842105, 'Sb': 68.42105263157895}",Cubic,Im3m,-0.1572265625,-0.2544185
mp-1225009_H_5_111,mp-1225009,Fe6Ni4,111,True,"{'Fe': 60.0, 'Ni': 40.0}","{'Fe': 58.333333333333336, 'Ni': 41.66666666666667}",Tetragonal,P4mmm,-0.435302734375,-0.42677769
mp-1601_H_1_111,mp-1601,TaRu,111,True,"{'Ru': 50.0, 'Ta': 50.0}","{'Ru': 33.33333333333333, 'Ta': 66.66666666666666}",Tetragonal,P4mmm,-0.390625,-0.36332534
mp-2083_H_0_111,mp-2083,Sn2Ir,111,True,"{'Ir': 33.33333333333333, 'Sn': 66.66666666666666}","{'Ir': 50.0, 'Sn': 50.0}",Cubic,Fm3m,-0.1708984375,-0.20602001
mp-30846_H_1_111,mp-30846,Sn6Pt4,111,True,"{'Pt': 40.0, 'Sn': 60.0}","{'Pt': 28.57142857142857, 'Sn': 71.42857142857143}",Hexagonal,P63mmc,-0.14404296875,-0.12218506
mp-22344_H_4_111,mp-22344,Sn14Ru6,111,True,"{'Ru': 30.0, 'Sn': 70.0}","{'Ru': 21.428571428571427, 'Sn': 78.57142857142857}",Cubic,Im3m,-0.24560546875,-0.31897031
mp-22344_H_3_111,mp-22344,Sn14Ru6,111,True,"{'Ru': 30.0, 'Sn': 70.0}","{'Ru': 30.0, 'Sn': 70.0}",Cubic,Im3m,-0.258544921875,-0.27673768
mp-30846_H_0_111,mp-30846,Sn6Pt4,111,True,"{'Pt': 40.0, 'Sn': 60.0}","{'Pt': 28.57142857142857, 'Sn': 71.42857142857143}",Hexagonal,P63mmc,-0.150390625,-0.1626279
mp-9835_H_0_111,mp-9835,Co2Sb4,111,True,"{'Co': 33.33333333333333, 'Sb': 66.66666666666666}","{'Co': 33.33333333333333, 'Sb': 66.66666666666666}",Orthorhombic,Pnnm,-0.294189453125,-0.28726048
mp-1078699_H_4_111,mp-1078699,Nb2Pt6,111,True,"{'Nb': 25.0, 'Pt': 75.0}","{'Nb': 28.57142857142857, 'Pt': 71.42857142857143}",Orthorhombic,Pmmn,-0.416259765625,-0.39266955
mp-22040_H_2_111,mp-22040,Sn14Ir6,111,True,"{'Ir': 30.0, 'Sn': 70.0}","{'Ir': 30.0, 'Sn': 70.0}",Cubic,Im3m,-0.22119140625,-0.23066295
mp-976847_H_0_111,mp-976847,Ni3Sb,111,True,"{'Ni': 75.0, 'Sb': 25.0}","{'Ni': 75.0, 'Sb': 25.0}",Cubic,Pm3m,-0.54052734375,-0.46233144
mp-510219_H_1_111,mp-510219,Sn4Ru2,111,True,"{'Ru': 33.33333333333333, 'Sn': 66.66666666666666}","{'Ru': 22.22222222222222, 'Sn': 77.77777777777779}",Tetragonal,I4mcm,-0.1513671875,-0.11587297
mp-9835_H_1_111,mp-9835,Co2Sb4,111,True,"{'Co': 33.33333333333333, 'Sb': 66.66666666666666}","{'Co': 28.57142857142857, 'Sb': 71.42857142857143}",Orthorhombic,Pnnm,-0.1708984375,-0.11958801
mp-1187196_H_1_111,mp-1187196,Ta3Ir,111,True,"{'Ir': 25.0, 'Ta': 75.0}","{'Ir': 33.33333333333333, 'Ta': 66.66666666666666}",Cubic,Fm3m,-0.1572265625,-0.10802998
mp-510219_H_0_111,mp-510219,Sn4Ru2,111,True,"{'Ru': 33.33333333333333, 'Sn': 66.66666666666666}","{'Ru': 22.22222222222222, 'Sn': 77.77777777777779}",Tetragonal,I4mcm,-0.31884765625,-0.23881279
mp-22040_H_3_111,mp-22040,Sn14Ir6,111,True,"{'Ir': 30.0, 'Sn': 70.0}","{'Ir': 21.428571428571427, 'Sn': 78.57142857142857}",Cubic,Im3m,-0.3603515625,1.56474058
mp-12107_H_0_111,mp-12107,TiPt3,111,True,"{'Pt': 75.0, 'Ti': 25.0}","{'Pt': 75.0, 'Ti': 25.0}",Cubic,Pm3m,-0.3955078125,-0.39700759
mp-20928_H_4_111,mp-20928,Sb4Ru2,111,True,"{'Ru': 33.33333333333333, 'Sb': 66.66666666666666}","{'Ru': 25.0, 'Sb': 75.0}",Orthorhombic,Pnnm,-0.169921875,-0.12437973
mp-20900_H_4_111,mp-20900,Cu6Sb2,111,True,"{'Cu': 75.0, 'Sb': 25.0}","{'Cu': 75.0, 'Sb': 25.0}",Orthorhombic,Pmmn,-0.25341796875,-0.22175443
mp-20900_H_3_111,mp-20900,Cu6Sb2,111,True,"{'Cu': 75.0, 'Sb': 25.0}","{'Cu': 62.5, 'Sb': 37.5}",Orthorhombic,Pmmn,-0.05810546875,-0.00705906
mp-432_H_0_111,mp-432,NbRu,111,True,"{'Nb': 50.0, 'Ru': 50.0}","{'Nb': 66.66666666666666, 'Ru': 33.33333333333333}",Tetragonal,P4mmm,-0.30859375,-0.27680486
mp-20900_H_5_111,mp-20900,Cu6Sb2,111,True,"{'Cu': 75.0, 'Sb': 25.0}","{'Cu': 71.42857142857143, 'Sb': 28.57142857142857}",Orthorhombic,Pmmn,-0.13525390625,-0.11596331
mp-949_H_0_111,mp-949,Co2Pt2,111,True,"{'Co': 50.0, 'Pt': 50.0}","{'Co': 66.66666666666666, 'Pt': 33.33333333333333}",Tetragonal,P4mmm,-0.40087890625,-0.39662886
mp-1078755_H_0_111,mp-1078755,Sb2Pt6,111,True,"{'Pt': 75.0, 'Sb': 25.0}","{'Pt': 75.0, 'Sb': 25.0}",Tetragonal,I4mmm,-0.98828125,-0.97882071
mp-1521_H_0_111,mp-1521,Sb14Mo6,111,True,"{'Mo': 30.0, 'Sb': 70.0}","{'Mo': 31.57894736842105, 'Sb': 68.42105263157895}",Cubic,Im3m,-0.13525390625,-0.11520315
mp-11523_H_3_111,mp-11523,Ni3Sn,111,True,"{'Ni': 75.0, 'Sn': 25.0}","{'Ni': 66.66666666666666, 'Sn': 33.33333333333333}",Cubic,Fm3m,-0.384033203125,-0.39137832
mp-1225009_H_9_111,mp-1225009,Fe6Ni4,111,True,"{'Fe': 60.0, 'Ni': 40.0}","{'Fe': 58.333333333333336, 'Ni': 41.66666666666667}",Tetragonal,P4mmm,-0.365966796875,-0.50845262
mp-1225009_H_7_111,mp-1225009,Fe6Ni4,111,True,"{'Fe': 60.0, 'Ni': 40.0}","{'Fe': 58.333333333333336, 'Ni': 41.66666666666667}",Tetragonal,P4mmm,-0.357421875,-0.40375855
mp-1521_H_1_111,mp-1521,Sb14Mo6,111,True,"{'Mo': 30.0, 'Sb': 70.0}","{'Mo': 30.0, 'Sb': 70.0}",Cubic,Im3m,-0.19775390625,-0.44316829
mp-823_H_0_111,mp-823,TiCo,111,True,"{'Co': 50.0, 'Ti': 50.0}","{'Co': 33.33333333333333, 'Ti': 66.66666666666666}",Cubic,Pm3m,-0.38720703125,-0.35296359
mp-30846_H_2_111,mp-30846,Sn6Pt4,111,True,"{'Pt': 40.0, 'Sn': 60.0}","{'Pt': 33.33333333333333, 'Sn': 66.66666666666666}",Hexagonal,P63mmc,-0.1416015625,-0.13512982
mp-1187204_H_0_111,mp-1187204,Ta3Pt,111,True,"{'Pt': 25.0, 'Ta': 75.0}","{'Pt': 33.33333333333333, 'Ta': 66.66666666666666}",Cubic,Fm3m,-0.369140625,-0.33927043
mp-12086_H_0_111,mp-12086,Cu3Pt,111,True,"{'Cu': 75.0, 'Pt': 25.0}","{'Cu': 75.0, 'Pt': 25.0}",Cubic,Pm3m,-0.27685546875,-0.26777358
mp-30850_H_2_111,mp-30850,Ta2Pt6,111,True,"{'Pt': 75.0, 'Ta': 25.0}","{'Pt': 85.71428571428571, 'Ta': 14.285714285714285}",Orthorhombic,Pmmn,-0.52392578125,-0.5220766
mp-571_H_0_111,mp-571,TiNi,111,True,"{'Ni': 50.0, 'Ti': 50.0}","{'Ni': 66.66666666666666, 'Ti': 33.33333333333333}",Cubic,Pm3m,-0.359619140625,-0.35029925
mp-1187204_H_1_111,mp-1187204,Ta3Pt,111,True,"{'Pt': 25.0, 'Ta': 75.0}","{'Pt': 33.33333333333333, 'Ta': 66.66666666666666}",Cubic,Fm3m,-0.1962890625,-0.35420275
mp-30846_H_3_111,mp-30846,Sn6Pt4,111,True,"{'Pt': 40.0, 'Sn': 60.0}","{'Pt': 33.33333333333333, 'Sn': 66.66666666666666}",Hexagonal,P63mmc,-0.2158203125,-0.19336045
mp-30846_H_4_111,mp-30846,Sn6Pt4,111,True,"{'Pt': 40.0, 'Sn': 60.0}","{'Pt': 26.666666666666668, 'Sn': 73.33333333333333}",Hexagonal,P63mmc,-0.15380859375,-0.13700829
mp-510219_H_2_111,mp-510219,Sn4Ru2,111,True,"{'Ru': 33.33333333333333, 'Sn': 66.66666666666666}","{'Ru': 40.0, 'Sn': 60.0}",Tetragonal,I4mcm,-0.283203125,-0.24754766
mp-11516_H_0_111,mp-11516,NbRu,111,True,"{'Nb': 50.0, 'Ru': 50.0}","{'Nb': 66.66666666666666, 'Ru': 33.33333333333333}",Cubic,Pm3m,-0.37939453125,-0.50428387
mp-568_H_3_111,mp-568,Ti2Sb4,111,True,"{'Sb': 66.66666666666666, 'Ti': 33.33333333333333}","{'Sb': 60.0, 'Ti': 40.0}",Tetragonal,I4mcm,-0.358154296875,-0.31648766
mp-1030_H_1_111,mp-1030,SbPt7,111,True,"{'Pt': 87.5, 'Sb': 12.5}",{'Pt': 100.0},Cubic,Fm3m,-0.3994140625,-0.39613943
mp-2260_H_0_111,mp-2260,FePt,111,True,"{'Fe': 50.0, 'Pt': 50.0}","{'Fe': 66.66666666666666, 'Pt': 33.33333333333333}",Tetragonal,P4mmm,-0.33349609375,-0.35680868
mp-22040_H_0_111,mp-22040,Sn14Ir6,111,True,"{'Ir': 30.0, 'Sn': 70.0}","{'Ir': 30.0, 'Sn': 70.0}",Cubic,Im3m,-0.2353515625,-0.23785981
mp-510219_H_3_111,mp-510219,Sn4Ru2,111,True,"{'Ru': 33.33333333333333, 'Sn': 66.66666666666666}","{'Ru': 36.36363636363637, 'Sn': 63.63636363636363}",Tetragonal,I4mcm,-0.3251953125,-0.3511142
mp-10596_H_0_111,mp-10596,FeIr3,111,True,"{'Fe': 25.0, 'Ir': 75.0}","{'Fe': 25.0, 'Ir': 75.0}",Cubic,Pm3m,-0.332275390625,-0.34443804
mp-1030_H_0_111,mp-1030,SbPt7,111,True,"{'Pt': 87.5, 'Sb': 12.5}","{'Pt': 75.0, 'Sb': 25.0}",Cubic,Fm3m,-0.3896484375,-0.37518837
mp-12608_H_1_111,mp-12608,CuPt7,111,True,"{'Cu': 12.5, 'Pt': 87.5}","{'Cu': 25.0, 'Pt': 75.0}",Cubic,Fm3m,-0.430908203125,-0.44665959
mp-1078755_H_2_111,mp-1078755,Sb2Pt6,111,True,"{'Pt': 75.0, 'Sb': 25.0}","{'Pt': 75.0, 'Sb': 25.0}",Tetragonal,I4mmm,-0.33984375,-0.49314663
mp-1221425_H_0_111,mp-1221425,MoPt3,111,True,"{'Mo': 25.0, 'Pt': 75.0}","{'Mo': 25.0, 'Pt': 75.0}",Trigonal,R3m,-0.39111328125,-0.37736081
mp-1235_H_1_111,mp-1235,Ti2Ir2,111,True,"{'Ir': 50.0, 'Ti': 50.0}","{'Ir': 33.33333333333333, 'Ti': 66.66666666666666}",Tetragonal,P4mmm,-0.2744140625,-0.27916025
mp-12594_H_1_111,mp-12594,TiIr,111,True,"{'Ir': 50.0, 'Ti': 50.0}","{'Ir': 33.33333333333333, 'Ti': 66.66666666666666}",Cubic,Pm3m,-0.10888671875,-0.03952446
mp-1120769_H_0_111,mp-1120769,RuPt,111,True,"{'Pt': 50.0, 'Ru': 50.0}","{'Pt': 33.33333333333333, 'Ru': 66.66666666666666}",Tetragonal,P4mmm,-0.337890625,-0.35898984
mp-10260_H_3_111,mp-10260,Ni3Sb,111,True,"{'Ni': 75.0, 'Sb': 25.0}","{'Ni': 66.66666666666666, 'Sb': 33.33333333333333}",Cubic,Fm3m,-0.3759765625,-0.39326473
mp-20900_H_0_111,mp-20900,Cu6Sb2,111,True,"{'Cu': 75.0, 'Sb': 25.0}","{'Cu': 71.42857142857143, 'Sb': 28.57142857142857}",Orthorhombic,Pmmn,-0.22021484375,-0.19245057
mp-1078755_H_3_111,mp-1078755,Sb2Pt6,111,True,"{'Pt': 75.0, 'Sb': 25.0}","{'Pt': 75.0, 'Sb': 25.0}",Tetragonal,I4mmm,-0.4296875,-0.45602301
mp-12608_H_0_111,mp-12608,CuPt7,111,True,"{'Cu': 12.5, 'Pt': 87.5}",{'Pt': 100.0},Cubic,Fm3m,-0.3359375,-0.31530956
mp-1180_H_0_111,mp-1180,MnPt3,111,True,"{'Mn': 25.0, 'Pt': 75.0}","{'Mn': 25.0, 'Pt': 75.0}",Cubic,Pm3m,-0.31201171875,-0.31462157
mp-922_H_0_111,mp-922,CoPt3,111,True,"{'Co': 25.0, 'Pt': 75.0}","{'Co': 25.0, 'Pt': 75.0}",Cubic,Pm3m,-0.36669921875,-0.36066429
mp-20900_H_1_111,mp-20900,Cu6Sb2,111,True,"{'Cu': 75.0, 'Sb': 25.0}","{'Cu': 83.33333333333334, 'Sb': 16.666666666666664}",Orthorhombic,Pmmn,-0.18310546875,-0.11135046
mp-1601_H_0_100,mp-1601,RuTa,100,True,"{'Ru': 50.0, 'Ta': 50.0}","{'Ru': 50.0, 'Ta': 50.0}",Tetragonal,P4mmm,-0.26708984375,-0.24850731
mp-12798_H_1_100,mp-12798,Ni3Pt,100,True,"{'Ni': 75.0, 'Pt': 25.0}","{'Ni': 75.0, 'Pt': 25.0}",Cubic,Pm3m,-0.395751953125,-0.43234012
mp-2083_H_1_100,mp-2083,Sn2Ir,100,True,"{'Ir': 33.33333333333333, 'Sn': 66.66666666666666}","{'Ir': 33.33333333333333, 'Sn': 66.66666666666666}",Cubic,Fm3m,-0.2890625,-0.27343499
mp-1186016_H_0_100,mp-1186016,Mo3Pt,100,True,"{'Mo': 75.0, 'Pt': 25.0}","{'Mo': 75.0, 'Pt': 25.0}",Cubic,Pm3m,-0.26806640625,-0.22241239
mp-12798_H_0_100,mp-12798,Ni3Pt,100,True,"{'Ni': 75.0, 'Pt': 25.0}","{'Ni': 75.0, 'Pt': 25.0}",Cubic,Pm3m,-0.35107421875,-0.32702387
mp-30850_H_0_100,mp-30850,Ta2Pt6,100,True,"{'Pt': 75.0, 'Ta': 25.0}","{'Pt': 75.0, 'Ta': 25.0}",Orthorhombic,Pmmn,-0.341552734375,-0.26660346
mp-22344_H_3_100,mp-22344,Ru6Sn14,100,True,"{'Ru': 30.0, 'Sn': 70.0}","{'Ru': 9.090909090909092, 'Sn': 90.9090909090909}",Cubic,Im3m,-0.301513671875,-0.46572262
mp-10598_H_0_100,mp-10598,Cu2Sn2,100,True,"{'Cu': 50.0, 'Sn': 50.0}","{'Cu': 50.0, 'Sn': 50.0}",Hexagonal,P63mmc,-0.2783203125,-0.29484526
mp-22344_H_2_100,mp-22344,Ru6Sn14,100,True,"{'Ru': 30.0, 'Sn': 70.0}","{'Ru': 16.666666666666664, 'Sn': 83.33333333333334}",Cubic,Im3m,-0.1767578125,-0.08022688
mp-9835_H_0_100,mp-9835,Co2Sb4,100,True,"{'Co': 33.33333333333333, 'Sb': 66.66666666666666}","{'Co': 33.33333333333333, 'Sb': 66.66666666666666}",Orthorhombic,Pnnm,-0.17333984375,-0.1494465
mp-22040_H_2_100,mp-22040,Sn14Ir6,100,True,"{'Ir': 30.0, 'Sn': 70.0}","{'Ir': 16.666666666666664, 'Sn': 83.33333333333334}",Cubic,Im3m,-0.273193359375,-0.19022262
mp-1185931_H_5_100,mp-1185931,Mn6Pt2,100,True,"{'Mn': 75.0, 'Pt': 25.0}","{'Mn': 71.42857142857143, 'Pt': 28.57142857142857}",Hexagonal,P63mmc,-0.1357421875,0.01722152
mp-1649_H_0_100,mp-1649,Fe3Pt,100,True,"{'Fe': 75.0, 'Pt': 25.0}","{'Fe': 75.0, 'Pt': 25.0}",Cubic,Pm3m,-0.282470703125,-0.27252652
mp-1185931_H_3_100,mp-1185931,Mn6Pt2,100,True,"{'Mn': 75.0, 'Pt': 25.0}","{'Mn': 85.71428571428571, 'Pt': 14.285714285714285}",Hexagonal,P63mmc,-0.398193359375,-0.37588577
mp-568_H_1_100,mp-568,Ti2Sb4,100,True,"{'Sb': 66.66666666666666, 'Ti': 33.33333333333333}","{'Sb': 66.66666666666666, 'Ti': 33.33333333333333}",Tetragonal,I4mcm,-0.293701171875,-0.28707234
mp-1187219_H_0_100,mp-1187219,Ta3Pt,100,True,"{'Pt': 25.0, 'Ta': 75.0}","{'Pt': 50.0, 'Ta': 50.0}",Cubic,Pm3m,-0.322021484375,-0.30774602
mp-592_H_1_100,mp-592,TiRu,100,True,"{'Ru': 50.0, 'Ti': 50.0}","{'Ru': 50.0, 'Ti': 50.0}",Cubic,Pm3m,-0.365966796875,-0.3980911
mp-1100766_H_0_100,mp-1100766,Ni3Pt,100,True,"{'Ni': 75.0, 'Pt': 25.0}","{'Ni': 66.66666666666666, 'Pt': 33.33333333333333}",Tetragonal,I4mmm,-0.386474609375,-0.36478312
mp-12107_H_1_100,mp-12107,TiPt3,100,True,"{'Pt': 75.0, 'Ti': 25.0}","{'Pt': 75.0, 'Ti': 25.0}",Cubic,Pm3m,-0.2890625,-0.28738882
mp-12110_H_0_100,mp-12110,RuTa,100,True,"{'Ru': 50.0, 'Ta': 50.0}","{'Ru': 50.0, 'Ta': 50.0}",Cubic,Pm3m,-0.320068359375,-0.3550059
mp-949_H_0_100,mp-949,Co2Pt2,100,True,"{'Co': 50.0, 'Pt': 50.0}","{'Co': 50.0, 'Pt': 50.0}",Tetragonal,P4mmm,-0.323974609375,-0.3041442
mp-1089_H_1_100,mp-1089,TiIr3,100,True,"{'Ir': 75.0, 'Ti': 25.0}","{'Ir': 75.0, 'Ti': 25.0}",Cubic,Pm3m,-0.395751953125,-0.39660196
mp-432_H_1_100,mp-432,NbRu,100,True,"{'Nb': 50.0, 'Ru': 50.0}","{'Nb': 50.0, 'Ru': 50.0}",Tetragonal,P4mmm,-0.294189453125,-0.27700964
mp-20112_H_3_100,mp-20112,Ni6Sn2,100,True,"{'Ni': 75.0, 'Sn': 25.0}","{'Ni': 50.0, 'Sn': 50.0}",Hexagonal,P63mmc,-0.1923828125,-0.22296345
mp-1521_H_0_100,mp-1521,Mo6Sb14,100,True,"{'Mo': 30.0, 'Sb': 70.0}","{'Mo': 38.46153846153847, 'Sb': 61.53846153846154}",Cubic,Im3m,-0.19287109375,-0.0327882
mp-1225009_H_0_100,mp-1225009,Fe6Ni4,100,True,"{'Fe': 60.0, 'Ni': 40.0}","{'Fe': 60.0, 'Ni': 40.0}",Tetragonal,P4mmm,-0.385009765625,-0.40790709
mp-1225009_H_1_100,mp-1225009,Fe6Ni4,100,True,"{'Fe': 60.0, 'Ni': 40.0}","{'Fe': 60.0, 'Ni': 40.0}",Tetragonal,P4mmm,-0.394287109375,-0.43467052
mp-22344_H_0_100,mp-22344,Ru6Sn14,100,True,"{'Ru': 30.0, 'Sn': 70.0}","{'Ru': 38.46153846153847, 'Sn': 61.53846153846154}",Cubic,Im3m,-0.280029296875,-0.38796812
mp-20382_H_7_100,mp-20382,Ti12Sn10,100,True,"{'Sn': 45.45454545454545, 'Ti': 54.54545454545454}","{'Sn': 44.44444444444444, 'Ti': 55.55555555555556}",Hexagonal,P63mmc,-0.401123046875,-0.47345207
mp-11798_H_1_100,mp-11798,Fe6Pt2,100,True,"{'Fe': 75.0, 'Pt': 25.0}","{'Fe': 75.0, 'Pt': 25.0}",Tetragonal,P4mmm,-0.272216796875,-0.26684712
mp-30846_H_2_100,mp-30846,Sn6Pt4,100,True,"{'Pt': 40.0, 'Sn': 60.0}","{'Pt': 50.0, 'Sn': 50.0}",Hexagonal,P63mmc,-0.324462890625,-0.32148429
mp-12086_H_0_100,mp-12086,Cu3Pt,100,True,"{'Cu': 75.0, 'Pt': 25.0}","{'Cu': 75.0, 'Pt': 25.0}",Cubic,Pm3m,-0.294921875,-0.31599084
mp-823_H_1_100,mp-823,TiCo,100,True,"{'Co': 50.0, 'Ti': 50.0}","{'Co': 50.0, 'Ti': 50.0}",Cubic,Pm3m,-0.35009765625,-0.3536424
mp-571_H_0_100,mp-571,TiNi,100,True,"{'Ni': 50.0, 'Ti': 50.0}","{'Ni': 50.0, 'Ti': 50.0}",Cubic,Pm3m,-0.351806640625,-0.32659728
mp-22344_H_1_100,mp-22344,Ru6Sn14,100,True,"{'Ru': 30.0, 'Sn': 70.0}","{'Ru': 38.46153846153847, 'Sn': 61.53846153846154}",Cubic,Im3m,-0.140625,-0.03340189
mp-11501_H_1_100,mp-11501,MnNi3,100,True,"{'Mn': 25.0, 'Ni': 75.0}","{'Mn': 25.0, 'Ni': 75.0}",Cubic,Pm3m,-0.381591796875,-0.38073167
mp-2260_H_0_100,mp-2260,FePt,100,True,"{'Fe': 50.0, 'Pt': 50.0}","{'Fe': 50.0, 'Pt': 50.0}",Tetragonal,P4mmm,-0.330810546875,-0.30128724
mp-1078699_H_0_100,mp-1078699,Nb2Pt6,100,True,"{'Nb': 25.0, 'Pt': 75.0}","{'Nb': 25.0, 'Pt': 75.0}",Orthorhombic,Pmmn,-0.377685546875,-0.30681601
mp-11516_H_1_100,mp-11516,NbRu,100,True,"{'Nb': 50.0, 'Ru': 50.0}","{'Nb': 50.0, 'Ru': 50.0}",Cubic,Pm3m,-0.2998046875,-0.34387442
mp-22040_H_0_100,mp-22040,Sn14Ir6,100,True,"{'Ir': 30.0, 'Sn': 70.0}","{'Ir': 38.46153846153847, 'Sn': 61.53846153846154}",Cubic,Im3m,-0.3779296875,-0.33716234
mp-1180_H_1_100,mp-1180,MnPt3,100,True,"{'Mn': 25.0, 'Pt': 75.0}","{'Mn': 25.0, 'Pt': 75.0}",Cubic,Pm3m,-0.33984375,-0.31997067
mp-974421_H_1_100,mp-974421,IrRu,100,True,"{'Ir': 50.0, 'Ru': 50.0}","{'Ir': 50.0, 'Ru': 50.0}",Hexagonal,P6m2,-0.3681640625,-0.33238533
mp-1187258_H_1_100,mp-1187258,Ta2Ru6,100,True,"{'Ru': 75.0, 'Ta': 25.0}",{'Ru': 100.0},Hexagonal,P63mmc,-0.36572265625,-0.34396939
mp-20900_H_0_100,mp-20900,Cu6Sb2,100,True,"{'Cu': 75.0, 'Sb': 25.0}","{'Cu': 75.0, 'Sb': 25.0}",Orthorhombic,Pmmn,-0.09912109375,-0.1015262
mp-20928_H_0_100,mp-20928,Ru2Sb4,100,True,"{'Ru': 33.33333333333333, 'Sb': 66.66666666666666}","{'Ru': 33.33333333333333, 'Sb': 66.66666666666666}",Orthorhombic,Pnnm,-0.258056640625,-0.26137282
mp-1183969_H_1_100,mp-1183969,Cu3Sb,100,True,"{'Cu': 75.0, 'Sb': 25.0}","{'Cu': 75.0, 'Sb': 25.0}",Cubic,Pm3m,-1.1484375,-0.93705707
mp-1008349_H_1_110,mp-1008349,Co3Ni,110,True,"{'Co': 75.0, 'Ni': 25.0}","{'Co': 75.0, 'Ni': 25.0}",Cubic,Pm3m,-0.385009765625,-0.39309435
mp-1521_H_4_110,mp-1521,Sb14Mo6,110,True,"{'Mo': 30.0, 'Sb': 70.0}","{'Mo': 28.000000000000004, 'Sb': 72.0}",Cubic,Im3m,-0.13330078125,-0.11400254
mp-1521_H_3_110,mp-1521,Sb14Mo6,110,True,"{'Mo': 30.0, 'Sb': 70.0}","{'Mo': 20.0, 'Sb': 80.0}",Cubic,Im3m,-0.361083984375,-0.2887861
mp-1186016_H_0_110,mp-1186016,Mo3Pt,110,True,"{'Mo': 75.0, 'Pt': 25.0}","{'Mo': 75.0, 'Pt': 25.0}",Cubic,Pm3m,-0.349365234375,-0.31681462
mp-1008349_H_0_110,mp-1008349,Co3Ni,110,True,"{'Co': 75.0, 'Ni': 25.0}","{'Co': 75.0, 'Ni': 25.0}",Cubic,Pm3m,-0.373291015625,-0.38626881
mp-12798_H_0_110,mp-12798,Ni3Pt,110,True,"{'Ni': 75.0, 'Pt': 25.0}","{'Ni': 75.0, 'Pt': 25.0}",Cubic,Pm3m,-0.37841796875,-0.37712883
mp-2083_H_0_110,mp-2083,Sn2Ir,110,True,"{'Ir': 33.33333333333333, 'Sn': 66.66666666666666}","{'Ir': 33.33333333333333, 'Sn': 66.66666666666666}",Cubic,Fm3m,-0.19873046875,-0.19998403
mp-22344_H_4_110,mp-22344,Sn14Ru6,110,True,"{'Ru': 30.0, 'Sn': 70.0}","{'Ru': 25.0, 'Sn': 75.0}",Cubic,Im3m,-0.35546875,-0.42134857
mp-22344_H_3_110,mp-22344,Sn14Ru6,110,True,"{'Ru': 30.0, 'Sn': 70.0}","{'Ru': 20.0, 'Sn': 80.0}",Cubic,Im3m,-0.08935546875,-0.13814558
mp-974358_H_0_110,mp-974358,Ir3Ru,110,True,"{'Ir': 75.0, 'Ru': 25.0}","{'Ir': 75.0, 'Ru': 25.0}",Tetragonal,I4mmm,-0.386474609375,-0.36895008
mp-30846_H_0_110,mp-30846,Sn6Pt4,110,True,"{'Pt': 40.0, 'Sn': 60.0}","{'Pt': 28.57142857142857, 'Sn': 71.42857142857143}",Hexagonal,P63mmc,-0.15673828125,-0.12989169
mp-974358_H_1_110,mp-974358,Ir3Ru,110,True,"{'Ir': 75.0, 'Ru': 25.0}","{'Ir': 75.0, 'Ru': 25.0}",Tetragonal,I4mmm,-0.383544921875,-0.35548133
mp-22344_H_5_110,mp-22344,Sn14Ru6,110,True,"{'Ru': 30.0, 'Sn': 70.0}","{'Ru': 40.0, 'Sn': 60.0}",Cubic,Im3m,-0.369873046875,-0.4085308
mp-9835_H_0_110,mp-9835,Co2Sb4,110,True,"{'Co': 33.33333333333333, 'Sb': 66.66666666666666}","{'Co': 33.33333333333333, 'Sb': 66.66666666666666}",Orthorhombic,Pnnm,-0.362060546875,-0.29819375
mp-1078699_H_3_110,mp-1078699,Nb2Pt6,110,True,"{'Nb': 25.0, 'Pt': 75.0}","{'Nb': 16.666666666666664, 'Pt': 83.33333333333334}",Orthorhombic,Pmmn,-0.369873046875,-0.35553947
mp-22040_H_2_110,mp-22040,Sn14Ir6,110,True,"{'Ir': 30.0, 'Sn': 70.0}","{'Ir': 20.0, 'Sn': 80.0}",Cubic,Im3m,-0.294189453125,-0.23771359
mp-976847_H_0_110,mp-976847,Ni3Sb,110,True,"{'Ni': 75.0, 'Sb': 25.0}","{'Ni': 75.0, 'Sb': 25.0}",Cubic,Pm3m,-0.39892578125,-0.40005135
mp-1078699_H_2_110,mp-1078699,Nb2Pt6,110,True,"{'Nb': 25.0, 'Pt': 75.0}","{'Nb': 16.666666666666664, 'Pt': 83.33333333333334}",Orthorhombic,Pmmn,-0.310302734375,-0.29962745
mp-1649_H_0_110,mp-1649,Fe3Pt,110,True,"{'Fe': 75.0, 'Pt': 25.0}","{'Fe': 75.0, 'Pt': 25.0}",Cubic,Pm3m,-0.3056640625,-0.2941244
mp-1339_H_0_110,mp-1339,NbIr3,110,True,"{'Ir': 75.0, 'Nb': 25.0}","{'Ir': 75.0, 'Nb': 25.0}",Cubic,Pm3m,-0.330810546875,-0.29324414
mp-12107_H_0_110,mp-12107,TiPt3,110,True,"{'Pt': 75.0, 'Ti': 25.0}","{'Pt': 75.0, 'Ti': 25.0}",Cubic,Pm3m,-0.15185546875,-0.17066366
mp-20900_H_3_110,mp-20900,Cu6Sb2,110,True,"{'Cu': 75.0, 'Sb': 25.0}","{'Cu': 83.33333333333334, 'Sb': 16.666666666666664}",Orthorhombic,Pmmn,0.04443359375,0.00854474
mp-1100766_H_0_110,mp-1100766,Ni3Pt,110,True,"{'Ni': 75.0, 'Pt': 25.0}","{'Ni': 66.66666666666666, 'Pt': 33.33333333333333}",Tetragonal,I4mmm,-0.380126953125,-0.37885588
mp-20928_H_2_110,mp-20928,Sb4Ru2,110,True,"{'Ru': 33.33333333333333, 'Sb': 66.66666666666666}","{'Ru': 33.33333333333333, 'Sb': 66.66666666666666}",Orthorhombic,Pnnm,-0.20654296875,-0.23526216
mp-1100766_H_1_110,mp-1100766,Ni3Pt,110,True,"{'Ni': 75.0, 'Pt': 25.0}","{'Ni': 75.0, 'Pt': 25.0}",Tetragonal,I4mmm,-0.3818359375,-0.39278878
mp-1078755_H_0_110,mp-1078755,Sb2Pt6,110,True,"{'Pt': 75.0, 'Sb': 25.0}","{'Pt': 75.0, 'Sb': 25.0}",Tetragonal,I4mmm,-0.2080078125,-0.20371398
mp-972220_H_0_110,mp-972220,Ti2Pt6,110,True,"{'Pt': 75.0, 'Ti': 25.0}","{'Pt': 75.0, 'Ti': 25.0}",Hexagonal,P63mmc,-0.3603515625,-0.36125155
mp-11358_H_0_110,mp-11358,TaCo3,110,True,"{'Co': 75.0, 'Ta': 25.0}","{'Co': 75.0, 'Ta': 25.0}",Cubic,Pm3m,-0.43359375,-0.35417676
mp-952_H_0_110,mp-952,MoPt2,110,True,"{'Mo': 33.33333333333333, 'Pt': 66.66666666666666}","{'Mo': 33.33333333333333, 'Pt': 66.66666666666666}",Orthorhombic,Immm,-0.406982421875,-0.3678734
mp-2002_H_0_110,mp-2002,Cu3Sb,110,True,"{'Cu': 75.0, 'Sb': 25.0}","{'Cu': 75.0, 'Sb': 25.0}",Cubic,Fm3m,-0.492919921875,-0.44841568
mp-30850_H_3_110,mp-30850,Ta2Pt6,110,True,"{'Pt': 75.0, 'Ta': 25.0}","{'Pt': 83.33333333333334, 'Ta': 16.666666666666664}",Orthorhombic,Pmmn,-0.34912109375,-0.33322101
mp-11798_H_1_110,mp-11798,Fe3Pt,110,True,"{'Fe': 75.0, 'Pt': 25.0}","{'Fe': 75.0, 'Pt': 25.0}",Tetragonal,P4mmm,-0.368896484375,-0.34715724
mp-20382_H_1_110,mp-20382,Ti12Sn10,110,True,"{'Sn': 45.45454545454545, 'Ti': 54.54545454545454}","{'Sn': 66.66666666666666, 'Ti': 33.33333333333333}",Hexagonal,P63mmc,-0.347900390625,-0.39499495
mp-12086_H_0_110,mp-12086,Cu3Pt,110,True,"{'Cu': 75.0, 'Pt': 25.0}","{'Cu': 75.0, 'Pt': 25.0}",Cubic,Pm3m,-0.337890625,-0.33512474
mp-30850_H_2_110,mp-30850,Ta2Pt6,110,True,"{'Pt': 75.0, 'Ta': 25.0}","{'Pt': 83.33333333333334, 'Ta': 16.666666666666664}",Orthorhombic,Pmmn,-0.287841796875,-0.24630806
mp-22344_H_1_110,mp-22344,Sn14Ru6,110,True,"{'Ru': 30.0, 'Sn': 70.0}","{'Ru': 25.0, 'Sn': 75.0}",Cubic,Im3m,-0.1298828125,-0.05205523
mp-11798_H_0_110,mp-11798,Fe3Pt,110,True,"{'Fe': 75.0, 'Pt': 25.0}","{'Fe': 75.0, 'Pt': 25.0}",Tetragonal,P4mmm,-0.315185546875,-0.28335245
mp-265_H_0_110,mp-265,TaIr3,110,True,"{'Ir': 75.0, 'Ta': 25.0}","{'Ir': 75.0, 'Ta': 25.0}",Cubic,Pm3m,-0.314453125,-0.27541584
mp-1185931_H_1_110,mp-1185931,Mn6Pt2,110,True,"{'Mn': 75.0, 'Pt': 25.0}","{'Mn': 85.71428571428571, 'Pt': 14.285714285714285}",Hexagonal,P63mmc,-0.3759765625,-0.36171563
mp-10596_H_0_110,mp-10596,FeIr3,110,True,"{'Fe': 25.0, 'Ir': 75.0}","{'Fe': 25.0, 'Ir': 75.0}",Cubic,Pm3m,-0.38330078125,-0.33389401
mp-569837_H_1_110,mp-569837,Ti12Sb4,110,True,"{'Sb': 25.0, 'Ti': 75.0}","{'Sb': 42.857142857142854, 'Ti': 57.14285714285714}",Tetragonal,I4mcm,-0.5703125,-0.62416
mp-1030_H_0_110,mp-1030,SbPt7,110,True,"{'Pt': 87.5, 'Sb': 12.5}","{'Pt': 87.5, 'Sb': 12.5}",Cubic,Fm3m,-0.39794921875,-0.39837745
mp-11514_H_0_110,mp-11514,NbPt2,110,True,"{'Nb': 33.33333333333333, 'Pt': 66.66666666666666}","{'Nb': 33.33333333333333, 'Pt': 66.66666666666666}",Orthorhombic,Immm,-0.38916015625,-0.32509485
mp-1180_H_1_110,mp-1180,MnPt3,110,True,"{'Mn': 25.0, 'Pt': 75.0}","{'Mn': 25.0, 'Pt': 75.0}",Cubic,Pm3m,-0.384033203125,-0.38563063
mp-1221425_H_0_110,mp-1221425,MoPt3,110,True,"{'Mo': 25.0, 'Pt': 75.0}","{'Mo': 25.0, 'Pt': 75.0}",Trigonal,R3m,-0.39306640625,-0.38491808
mp-20900_H_0_110,mp-20900,Cu6Sb2,110,True,"{'Cu': 75.0, 'Sb': 25.0}","{'Cu': 66.66666666666666, 'Sb': 33.33333333333333}",Orthorhombic,Pmmn,-0.274658203125,-0.27840102
mp-1007855_H_1_110,mp-1007855,FeNi3,110,True,"{'Fe': 25.0, 'Ni': 75.0}","{'Fe': 25.0, 'Ni': 75.0}",Tetragonal,I4mmm,-0.398681640625,-0.41091863
mp-1183969_H_1_110,mp-1183969,Cu3Sb,110,True,"{'Cu': 75.0, 'Sb': 25.0}","{'Cu': 75.0, 'Sb': 25.0}",Cubic,Pm3m,-0.20556640625,-0.17860124
mp-1180_H_0_110,mp-1180,MnPt3,110,True,"{'Mn': 25.0, 'Pt': 75.0}","{'Mn': 25.0, 'Pt': 75.0}",Cubic,Pm3m,-0.28662109375,-0.25921566
mp-1018021_H_0_110,mp-1018021,NbCo3,110,True,"{'Co': 75.0, 'Nb': 25.0}","{'Co': 75.0, 'Nb': 25.0}",Cubic,Pm3m,-0.380126953125,-0.34123791
mp-922_H_0_110,mp-922,CoPt3,110,True,"{'Co': 25.0, 'Pt': 75.0}","{'Co': 25.0, 'Pt': 75.0}",Cubic,Pm3m,-0.344482421875,-0.33478121
mp-20928_H_1_110,mp-20928,Sb4Ru2,110,True,"{'Ru': 33.33333333333333, 'Sb': 66.66666666666666}","{'Ru': 33.33333333333333, 'Sb': 66.66666666666666}",Orthorhombic,Pnnm,-0.140625,-0.16381299
mp-1521_H_3_210,mp-1521,Sb14Mo6,210,True,"{'Mo': 30.0, 'Sb': 70.0}","{'Mo': 26.923076923076923, 'Sb': 73.07692307692307}",Cubic,Im3m,-0.436767578125,-0.47743594
mp-12798_H_0_210,mp-12798,Ni3Pt,210,True,"{'Ni': 75.0, 'Pt': 25.0}","{'Ni': 66.66666666666666, 'Pt': 33.33333333333333}",Cubic,Pm3m,-0.3759765625,-0.39404899
mp-11523_H_1_210,mp-11523,Ni3Sn,210,True,"{'Ni': 75.0, 'Sn': 25.0}","{'Ni': 75.0, 'Sn': 25.0}",Cubic,Fm3m,-0.630859375,-0.65108704
mp-2083_H_0_210,mp-2083,Sn2Ir,210,True,"{'Ir': 33.33333333333333, 'Sn': 66.66666666666666}","{'Ir': 20.0, 'Sn': 80.0}",Cubic,Fm3m,-0.1513671875,-0.13008895
mp-30846_H_1_210,mp-30846,Sn6Pt4,210,True,"{'Pt': 40.0, 'Sn': 60.0}","{'Pt': 27.27272727272727, 'Sn': 72.72727272727273}",Hexagonal,P63mmc,-0.19970703125,-0.20237213
mp-30850_H_0_210,mp-30850,Ta2Pt6,210,True,"{'Pt': 75.0, 'Ta': 25.0}","{'Pt': 80.0, 'Ta': 20.0}",Orthorhombic,Pmmn,-0.403564453125,-0.348774
mp-22344_H_3_210,mp-22344,Sn14Ru6,210,True,"{'Ru': 30.0, 'Sn': 70.0}","{'Ru': 26.923076923076923, 'Sn': 73.07692307692307}",Cubic,Im3m,-0.31689453125,-0.36738449
mp-30846_H_0_210,mp-30846,Sn6Pt4,210,True,"{'Pt': 40.0, 'Sn': 60.0}","{'Pt': 30.0, 'Sn': 70.0}",Hexagonal,P63mmc,-0.16357421875,-0.14533072
mp-10598_H_0_210,mp-10598,Cu2Sn2,210,True,"{'Cu': 50.0, 'Sn': 50.0}","{'Cu': 40.0, 'Sn': 60.0}",Hexagonal,P63mmc,-0.21044921875,-0.19420726
mp-9835_H_0_210,mp-9835,Co2Sb4,210,True,"{'Co': 33.33333333333333, 'Sb': 66.66666666666666}","{'Co': 33.33333333333333, 'Sb': 66.66666666666666}",Orthorhombic,Pnnm,-0.33984375,-0.20017372
mp-9835_H_1_210,mp-9835,Co2Sb4,210,True,"{'Co': 33.33333333333333, 'Sb': 66.66666666666666}","{'Co': 33.33333333333333, 'Sb': 66.66666666666666}",Orthorhombic,Pnnm,-0.162109375,-0.20173772
mp-22040_H_3_210,mp-22040,Sn14Ir6,210,True,"{'Ir': 30.0, 'Sn': 70.0}","{'Ir': 30.434782608695656, 'Sn': 69.56521739130434}",Cubic,Im3m,-0.370849609375,-0.42893075
mp-949_H_1_210,mp-949,Co2Pt2,210,True,"{'Co': 50.0, 'Pt': 50.0}","{'Co': 50.0, 'Pt': 50.0}",Tetragonal,P4mmm,-0.37939453125,-0.35483259
mp-1100766_H_0_210,mp-1100766,Ni3Pt,210,True,"{'Ni': 75.0, 'Pt': 25.0}","{'Ni': 66.66666666666666, 'Pt': 33.33333333333333}",Tetragonal,I4mmm,-0.3896484375,-0.4030154
mp-20928_H_2_210,mp-20928,Sb4Ru2,210,True,"{'Ru': 33.33333333333333, 'Sb': 66.66666666666666}","{'Ru': 33.33333333333333, 'Sb': 66.66666666666666}",Orthorhombic,Pnnm,-0.2431640625,-0.26168351
mp-12086_H_1_210,mp-12086,Cu3Pt,210,True,"{'Cu': 75.0, 'Pt': 25.0}","{'Cu': 83.33333333333334, 'Pt': 16.666666666666664}",Cubic,Pm3m,-0.29931640625,-0.29063845
mp-30846_H_2_210,mp-30846,Sn6Pt4,210,True,"{'Pt': 40.0, 'Sn': 60.0}","{'Pt': 36.36363636363637, 'Sn': 63.63636363636363}",Hexagonal,P63mmc,-0.31201171875,-0.27331159
mp-12086_H_0_210,mp-12086,Cu3Pt,210,True,"{'Cu': 75.0, 'Pt': 25.0}","{'Cu': 66.66666666666666, 'Pt': 33.33333333333333}",Cubic,Pm3m,-0.322021484375,-0.32468456
mp-9835_H_2_210,mp-9835,Co2Sb4,210,True,"{'Co': 33.33333333333333, 'Sb': 66.66666666666666}","{'Co': 33.33333333333333, 'Sb': 66.66666666666666}",Orthorhombic,Pnnm,-0.1943359375,-0.19675729
mp-1183969_H_0_210,mp-1183969,Cu3Sb,210,True,"{'Cu': 75.0, 'Sb': 25.0}","{'Cu': 66.66666666666666, 'Sb': 33.33333333333333}",Cubic,Pm3m,-0.40673828125,-0.28901534
mp-20900_H_0_210,mp-20900,Cu6Sb2,210,True,"{'Cu': 75.0, 'Sb': 25.0}","{'Cu': 80.0, 'Sb': 20.0}",Orthorhombic,Pmmn,-0.19091796875,-0.21663442
mp-1183969_H_1_210,mp-1183969,Cu3Sb,210,True,"{'Cu': 75.0, 'Sb': 25.0}","{'Cu': 83.33333333333334, 'Sb': 16.666666666666664}",Cubic,Pm3m,-0.273681640625,-0.29635138
mp-20928_H_1_210,mp-20928,Sb4Ru2,210,True,"{'Ru': 33.33333333333333, 'Sb': 66.66666666666666}","{'Ru': 33.33333333333333, 'Sb': 66.66666666666666}",Orthorhombic,Pnnm,-0.22021484375,-0.16587905
mp-20900_H_1_210,mp-20900,Cu6Sb2,210,True,"{'Cu': 75.0, 'Sb': 25.0}","{'Cu': 83.33333333333334, 'Sb': 16.666666666666664}",Orthorhombic,Pmmn,-0.158203125,-0.13841138
mp-1521_H_2_211,mp-1521,Sb14Mo6,211,True,"{'Mo': 30.0, 'Sb': 70.0}","{'Mo': 25.0, 'Sb': 75.0}",Cubic,Im3m,-0.18798828125,-0.43287343
mp-2083_H_0_211,mp-2083,Sn2Ir,211,True,"{'Ir': 33.33333333333333, 'Sn': 66.66666666666666}","{'Ir': 33.33333333333333, 'Sn': 66.66666666666666}",Cubic,Fm3m,-0.220703125,-0.20193165
mp-30846_H_1_211,mp-30846,Sn6Pt4,211,True,"{'Pt': 40.0, 'Sn': 60.0}","{'Pt': 31.818181818181817, 'Sn': 68.18181818181817}",Hexagonal,P63mmc,-0.264404296875,-0.20627025
mp-22344_H_3_211,mp-22344,Sn14Ru6,211,True,"{'Ru': 30.0, 'Sn': 70.0}","{'Ru': 37.5, 'Sn': 62.5}",Cubic,Im3m,-0.31884765625,-0.6448012
mp-10598_H_1_211,mp-10598,Cu2Sn2,211,True,"{'Cu': 50.0, 'Sn': 50.0}","{'Cu': 30.0, 'Sn': 70.0}",Hexagonal,P63mmc,-0.05419921875,0.88610261
mp-30846_H_0_211,mp-30846,Sn6Pt4,211,True,"{'Pt': 40.0, 'Sn': 60.0}","{'Pt': 40.0, 'Sn': 60.0}",Hexagonal,P63mmc,-0.162109375,-0.13375373
mp-9835_H_0_211,mp-9835,Co2Sb4,211,True,"{'Co': 33.33333333333333, 'Sb': 66.66666666666666}","{'Co': 33.33333333333333, 'Sb': 66.66666666666666}",Orthorhombic,Pnnm,-0.333251953125,-0.3382184
mp-568_H_0_211,mp-568,Ti2Sb4,211,True,"{'Sb': 66.66666666666666, 'Ti': 33.33333333333333}","{'Sb': 66.66666666666666, 'Ti': 33.33333333333333}",Tetragonal,I4mcm,-0.38916015625,-0.41793816
mp-9835_H_1_211,mp-9835,Co2Sb4,211,True,"{'Co': 33.33333333333333, 'Sb': 66.66666666666666}","{'Co': 33.33333333333333, 'Sb': 66.66666666666666}",Orthorhombic,Pnnm,-0.32861328125,-0.25524569
mp-510219_H_0_211,mp-510219,Sn4Ru2,211,True,"{'Ru': 33.33333333333333, 'Sn': 66.66666666666666}","{'Ru': 33.33333333333333, 'Sn': 66.66666666666666}",Tetragonal,I4mcm,-0.27294921875,-0.24296791
mp-20928_H_4_211,mp-20928,Sb4Ru2,211,True,"{'Ru': 33.33333333333333, 'Sb': 66.66666666666666}","{'Ru': 33.33333333333333, 'Sb': 66.66666666666666}",Orthorhombic,Pnnm,-0.318115234375,-0.33537688
mp-20900_H_3_211,mp-20900,Cu6Sb2,211,True,"{'Cu': 75.0, 'Sb': 25.0}","{'Cu': 72.72727272727273, 'Sb': 27.27272727272727}",Orthorhombic,Pmmn,-0.2001953125,-0.19222098
mp-20928_H_3_211,mp-20928,Sb4Ru2,211,True,"{'Ru': 33.33333333333333, 'Sb': 66.66666666666666}","{'Ru': 33.33333333333333, 'Sb': 66.66666666666666}",Orthorhombic,Pnnm,-0.1767578125,-0.05229837
mp-20900_H_2_211,mp-20900,Cu6Sb2,211,True,"{'Cu': 75.0, 'Sb': 25.0}","{'Cu': 75.0, 'Sb': 25.0}",Orthorhombic,Pmmn,-0.1328125,-0.06295853
mp-20900_H_5_211,mp-20900,Cu6Sb2,211,True,"{'Cu': 75.0, 'Sb': 25.0}","{'Cu': 63.63636363636363, 'Sb': 36.36363636363637}",Orthorhombic,Pmmn,0.1728515625,0.13666137
mp-1521_H_0_211,mp-1521,Sb14Mo6,211,True,"{'Mo': 30.0, 'Sb': 70.0}","{'Mo': 21.428571428571427, 'Sb': 78.57142857142857}",Cubic,Im3m,-0.228515625,-0.27974589
mp-864735_H_1_211,mp-864735,Mn6Ir2,211,True,"{'Ir': 25.0, 'Mn': 75.0}","{'Ir': 33.33333333333333, 'Mn': 66.66666666666666}",Hexagonal,P63mmc,-0.55859375,-0.58220479
mp-2002_H_0_211,mp-2002,Cu3Sb,211,True,"{'Cu': 75.0, 'Sb': 25.0}","{'Cu': 75.0, 'Sb': 25.0}",Cubic,Fm3m,-0.2216796875,-0.14040544
mp-22344_H_0_211,mp-22344,Sn14Ru6,211,True,"{'Ru': 30.0, 'Sn': 70.0}","{'Ru': 21.428571428571427, 'Sn': 78.57142857142857}",Cubic,Im3m,-0.12939453125,0.00524186
mp-12086_H_1_211,mp-12086,Cu3Pt,211,True,"{'Cu': 75.0, 'Pt': 25.0}","{'Cu': 66.66666666666666, 'Pt': 33.33333333333333}",Cubic,Pm3m,-0.30712890625,-0.33599998
mp-30846_H_2_211,mp-30846,Sn6Pt4,211,True,"{'Pt': 40.0, 'Sn': 60.0}","{'Pt': 33.33333333333333, 'Sn': 66.66666666666666}",Hexagonal,P63mmc,-0.1796875,-0.18009044
mp-10598_H_3_211,mp-10598,Cu2Sn2,211,True,"{'Cu': 50.0, 'Sn': 50.0}","{'Cu': 44.44444444444444, 'Sn': 55.55555555555556}",Hexagonal,P63mmc,-0.332275390625,-0.36125043
mp-12086_H_0_211,mp-12086,Cu3Pt,211,True,"{'Cu': 75.0, 'Pt': 25.0}","{'Cu': 83.33333333333334, 'Pt': 16.666666666666664}",Cubic,Pm3m,-0.29052734375,-0.30138625
mp-30846_H_3_211,mp-30846,Sn6Pt4,211,True,"{'Pt': 40.0, 'Sn': 60.0}","{'Pt': 31.818181818181817, 'Sn': 68.18181818181817}",Hexagonal,P63mmc,-0.14599609375,-0.1005115
mp-30846_H_4_211,mp-30846,Sn6Pt4,211,True,"{'Pt': 40.0, 'Sn': 60.0}","{'Pt': 26.31578947368421, 'Sn': 73.68421052631578}",Hexagonal,P63mmc,0.033203125,0.09953887
mp-510219_H_2_211,mp-510219,Sn4Ru2,211,True,"{'Ru': 33.33333333333333, 'Sn': 66.66666666666666}","{'Ru': 28.57142857142857, 'Sn': 71.42857142857143}",Tetragonal,I4mcm,-0.39111328125,-0.33426873
mp-568_H_3_211,mp-568,Ti2Sb4,211,True,"{'Sb': 66.66666666666666, 'Ti': 33.33333333333333}","{'Sb': 71.42857142857143, 'Ti': 28.57142857142857}",Tetragonal,I4mcm,-0.759765625,-0.10695982
mp-9835_H_4_211,mp-9835,Co2Sb4,211,True,"{'Co': 33.33333333333333, 'Sb': 66.66666666666666}","{'Co': 33.33333333333333, 'Sb': 66.66666666666666}",Orthorhombic,Pnnm,-0.2548828125,-0.20328621
mp-568_H_2_211,mp-568,Ti2Sb4,211,True,"{'Sb': 66.66666666666666, 'Ti': 33.33333333333333}","{'Sb': 66.66666666666666, 'Ti': 33.33333333333333}",Tetragonal,I4mcm,-0.31689453125,-0.35087556
mp-22040_H_0_211,mp-22040,Sn14Ir6,211,True,"{'Ir': 30.0, 'Sn': 70.0}","{'Ir': 21.428571428571427, 'Sn': 78.57142857142857}",Cubic,Im3m,-0.158203125,-0.09045201
mp-9835_H_2_211,mp-9835,Co2Sb4,211,True,"{'Co': 33.33333333333333, 'Sb': 66.66666666666666}","{'Co': 33.33333333333333, 'Sb': 66.66666666666666}",Orthorhombic,Pnnm,-0.3388671875,-0.42458263
mp-20900_H_0_211,mp-20900,Cu6Sb2,211,True,"{'Cu': 75.0, 'Sb': 25.0}","{'Cu': 75.0, 'Sb': 25.0}",Orthorhombic,Pmmn,-0.20263671875,1.41894061
mp-1100766_H_2_211,mp-1100766,Ni3Pt,211,True,"{'Ni': 75.0, 'Pt': 25.0}","{'Ni': 83.33333333333334, 'Pt': 16.666666666666664}",Tetragonal,I4mmm,-0.492919921875,-0.47688148
mp-20900_H_6_211,mp-20900,Cu6Sb2,211,True,"{'Cu': 75.0, 'Sb': 25.0}","{'Cu': 75.0, 'Sb': 25.0}",Orthorhombic,Pmmn,-0.2763671875,1.32569907
mp-20900_H_1_211,mp-20900,Cu6Sb2,211,True,"{'Cu': 75.0, 'Sb': 25.0}","{'Cu': 83.33333333333334, 'Sb': 16.666666666666664}",Orthorhombic,Pmmn,-0.083984375,-0.03473048
mp-2083_H_0_221,mp-2083,Sn2Ir,221,True,"{'Ir': 33.33333333333333, 'Sn': 66.66666666666666}","{'Ir': 42.857142857142854, 'Sn': 57.14285714285714}",Cubic,Fm3m,-0.21435546875,-0.24812738
mp-30846_H_1_221,mp-30846,Sn6Pt4,221,True,"{'Pt': 40.0, 'Sn': 60.0}","{'Pt': 28.57142857142857, 'Sn': 71.42857142857143}",Hexagonal,P63mmc,-0.162109375,-0.14842664
mp-30846_H_0_221,mp-30846,Sn6Pt4,221,True,"{'Pt': 40.0, 'Sn': 60.0}","{'Pt': 31.03448275862069, 'Sn': 68.96551724137932}",Hexagonal,P63mmc,-0.16064453125,-0.14839057
mp-9835_H_0_221,mp-9835,Co2Sb4,221,True,"{'Co': 33.33333333333333, 'Sb': 66.66666666666666}","{'Co': 33.33333333333333, 'Sb': 66.66666666666666}",Orthorhombic,Pnnm,-0.3251953125,-0.32043365
mp-568_H_0_221,mp-568,Ti2Sb4,221,True,"{'Sb': 66.66666666666666, 'Ti': 33.33333333333333}","{'Sb': 71.42857142857143, 'Ti': 28.57142857142857}",Tetragonal,I4mcm,-0.3642578125,-0.33392691
mp-510219_H_1_221,mp-510219,Sn4Ru2,221,True,"{'Ru': 33.33333333333333, 'Sn': 66.66666666666666}","{'Ru': 26.666666666666668, 'Sn': 73.33333333333333}",Tetragonal,I4mcm,-0.35302734375,-0.27886881
mp-9835_H_1_221,mp-9835,Co2Sb4,221,True,"{'Co': 33.33333333333333, 'Sb': 66.66666666666666}","{'Co': 30.76923076923077, 'Sb': 69.23076923076923}",Orthorhombic,Pnnm,-0.339599609375,-0.69475882
mp-510219_H_0_221,mp-510219,Sn4Ru2,221,True,"{'Ru': 33.33333333333333, 'Sn': 66.66666666666666}","{'Ru': 28.57142857142857, 'Sn': 71.42857142857143}",Tetragonal,I4mcm,-0.2841796875,-0.25796699
mp-568_H_1_221,mp-568,Ti2Sb4,221,True,"{'Sb': 66.66666666666666, 'Ti': 33.33333333333333}","{'Sb': 73.33333333333333, 'Ti': 26.666666666666668}",Tetragonal,I4mcm,-0.377197265625,-0.41224938
mp-12107_H_0_221,mp-12107,TiPt3,221,True,"{'Pt': 75.0, 'Ti': 25.0}","{'Pt': 75.0, 'Ti': 25.0}",Cubic,Pm3m,-0.30224609375,-0.28140321
mp-20900_H_4_221,mp-20900,Cu6Sb2,221,True,"{'Cu': 75.0, 'Sb': 25.0}","{'Cu': 75.0, 'Sb': 25.0}",Orthorhombic,Pmmn,-0.228515625,-0.22127158
mp-20900_H_3_221,mp-20900,Cu6Sb2,221,True,"{'Cu': 75.0, 'Sb': 25.0}","{'Cu': 71.42857142857143, 'Sb': 28.57142857142857}",Orthorhombic,Pmmn,-0.30712890625,-0.33636614
mp-20928_H_3_221,mp-20928,Sb4Ru2,221,True,"{'Ru': 33.33333333333333, 'Sb': 66.66666666666666}","{'Ru': 33.33333333333333, 'Sb': 66.66666666666666}",Orthorhombic,Pnnm,-0.285400390625,-0.31626362
mp-20928_H_2_221,mp-20928,Sb4Ru2,221,True,"{'Ru': 33.33333333333333, 'Sb': 66.66666666666666}","{'Ru': 33.33333333333333, 'Sb': 66.66666666666666}",Orthorhombic,Pnnm,-0.14404296875,-0.17224912
mp-20900_H_2_221,mp-20900,Cu6Sb2,221,True,"{'Cu': 75.0, 'Sb': 25.0}","{'Cu': 75.0, 'Sb': 25.0}",Orthorhombic,Pmmn,-0.31201171875,-0.29265296
mp-20900_H_5_221,mp-20900,Cu6Sb2,221,True,"{'Cu': 75.0, 'Sb': 25.0}","{'Cu': 69.23076923076923, 'Sb': 30.76923076923077}",Orthorhombic,Pmmn,-0.16357421875,-0.17440303
mp-1521_H_0_221,mp-1521,Sb14Mo6,221,True,"{'Mo': 30.0, 'Sb': 70.0}","{'Mo': 25.0, 'Sb': 75.0}",Cubic,Im3m,-0.3232421875,-0.28970549
mp-2002_H_0_221,mp-2002,Cu3Sb,221,True,"{'Cu': 75.0, 'Sb': 25.0}","{'Cu': 70.0, 'Sb': 30.0}",Cubic,Fm3m,-0.486328125,-0.17627787
mp-12086_H_1_221,mp-12086,Cu3Pt,221,True,"{'Cu': 75.0, 'Pt': 25.0}","{'Cu': 75.0, 'Pt': 25.0}",Cubic,Pm3m,-0.24951171875,-0.24526741
mp-30846_H_2_221,mp-30846,Sn6Pt4,221,True,"{'Pt': 40.0, 'Sn': 60.0}","{'Pt': 27.586206896551722, 'Sn': 72.41379310344827}",Hexagonal,P63mmc,-0.17431640625,-0.17057557
mp-12086_H_0_221,mp-12086,Cu3Pt,221,True,"{'Cu': 75.0, 'Pt': 25.0}","{'Cu': 75.0, 'Pt': 25.0}",Cubic,Pm3m,-0.32373046875,-0.29354347
mp-510219_H_2_221,mp-510219,Sn4Ru2,221,True,"{'Ru': 33.33333333333333, 'Sn': 66.66666666666666}","{'Ru': 40.0, 'Sn': 60.0}",Tetragonal,I4mcm,-0.343505859375,-0.37108885
mp-9835_H_3_221,mp-9835,Co2Sb4,221,True,"{'Co': 33.33333333333333, 'Sb': 66.66666666666666}","{'Co': 30.76923076923077, 'Sb': 69.23076923076923}",Orthorhombic,Pnnm,-0.1689453125,-0.08255968
mp-1078699_H_0_221,mp-1078699,Nb2Pt6,221,True,"{'Nb': 25.0, 'Pt': 75.0}","{'Nb': 30.76923076923077, 'Pt': 69.23076923076923}",Orthorhombic,Pmmn,-0.351806640625,-0.38051184
mp-1030_H_0_221,mp-1030,SbPt7,221,True,"{'Pt': 87.5, 'Sb': 12.5}","{'Pt': 87.5, 'Sb': 12.5}",Cubic,Fm3m,-0.382568359375,-0.3774727
mp-12594_H_1_221,mp-12594,TiIr,221,True,"{'Ir': 50.0, 'Ti': 50.0}","{'Ir': 40.0, 'Ti': 60.0}",Cubic,Pm3m,-0.392822265625,-0.38092476
mp-20900_H_0_221,mp-20900,Cu6Sb2,221,True,"{'Cu': 75.0, 'Sb': 25.0}","{'Cu': 69.23076923076923, 'Sb': 30.76923076923077}",Orthorhombic,Pmmn,-0.18603515625,0.19984008
mp-1183969_H_1_221,mp-1183969,Cu3Sb,221,True,"{'Cu': 75.0, 'Sb': 25.0}","{'Cu': 75.0, 'Sb': 25.0}",Cubic,Pm3m,-0.177734375,-0.15235418
mp-1180_H_0_221,mp-1180,MnPt3,221,True,"{'Mn': 25.0, 'Pt': 75.0}","{'Mn': 25.0, 'Pt': 75.0}",Cubic,Pm3m,-0.294189453125,-0.29924074
mp-922_H_0_221,mp-922,CoPt3,221,True,"{'Co': 25.0, 'Pt': 75.0}","{'Co': 25.0, 'Pt': 75.0}",Cubic,Pm3m,-0.37548828125,-0.36143661
mp-20900_H_1_221,mp-20900,Cu6Sb2,221,True,"{'Cu': 75.0, 'Sb': 25.0}","{'Cu': 83.33333333333334, 'Sb': 16.666666666666664}",Orthorhombic,Pmmn,-0.298583984375,-0.33590039
mp-20900_H_2_111,mp-20900,Cu6Sb2,111,True,"{'Cu': 75.0, 'Sb': 25.0}","{'Cu': 75.0, 'Sb': 25.0}",Orthorhombic,Pmmn,-0.294921875,-0.30255572
mp-1078699_H_1_110,mp-1078699,Nb2Pt6,110,True,"{'Nb': 25.0, 'Pt': 75.0}","{'Nb': 33.33333333333333, 'Pt': 66.66666666666666}",Orthorhombic,Pmmn,-0.384765625,-0.33983727
mp-20900_H_1_110,mp-20900,Cu6Sb2,110,True,"{'Cu': 75.0, 'Sb': 25.0}","{'Cu': 83.33333333333334, 'Sb': 16.666666666666664}",Orthorhombic,Pmmn,-0.1845703125,-0.16943802
mp-1521_H_4_210,mp-1521,,210,True,"{'Mo': 30.0, 'Sb': 70.0}","{'Mo': 28.000000000000004, 'Sb': 72.0}",,,-0.33642578125,-0.20252908
mp-1521_H_5_210,mp-1521,,210,True,"{'Mo': 30.0, 'Sb': 70.0}","{'Mo': 29.166666666666668, 'Sb': 70.83333333333333}",,,-0.29931640625,-0.20335483
mp-20900_H_4_211,mp-20900,Cu6Sb2,211,True,"{'Cu': 75.0, 'Sb': 25.0}","{'Cu': 75.0, 'Sb': 25.0}",Orthorhombic,Pmmn,-0.19189453125,-0.22030375
mp-1100766_H_0_211,mp-1100766,Ni3Pt,211,True,"{'Ni': 75.0, 'Pt': 25.0}","{'Ni': 66.66666666666666, 'Pt': 33.33333333333333}",Tetragonal,I4mmm,-0.39208984375,-0.37777859
mp-20900_H_7_211,mp-20900,Cu6Sb2,211,True,"{'Cu': 75.0, 'Sb': 25.0}","{'Cu': 75.0, 'Sb': 25.0}",Orthorhombic,Pmmn,-0.296875,-0.28309476
mp-1187108_H_1_111,mp-1187108,Sn6Ru2,111,False,"{'Ru': 25.0, 'Sn': 75.0}","{'Ru': 22.22222222222222, 'Sn': 77.77777777777779}",Hexagonal,P63mmc,-0.18896484375,-0.6642031
mp-973354_H_1_111,mp-973354,SbPt3,111,False,"{'Pt': 75.0, 'Sb': 25.0}","{'Pt': 75.0, 'Sb': 25.0}",Tetragonal,I4mmm,-0.31201171875,-0.20334035
mp-20714_H_0_111,mp-20714,Fe2Sb4,111,False,"{'Fe': 33.33333333333333, 'Sb': 66.66666666666666}","{'Fe': 33.33333333333333, 'Sb': 66.66666666666666}",Orthorhombic,Pnnm,-0.38427734375,-0.41016334
mp-1186214_H_0_111,mp-1186214,Nb3Cu,111,False,"{'Cu': 25.0, 'Nb': 75.0}","{'Cu': 33.33333333333333, 'Nb': 66.66666666666666}",Cubic,Fm3m,-0.348388671875,-0.27922837
mp-22752_H_3_111,mp-22752,Fe2Sn4,111,False,"{'Fe': 33.33333333333333, 'Sn': 66.66666666666666}","{'Fe': 36.36363636363637, 'Sn': 63.63636363636363}",Tetragonal,I4mcm,-0.277099609375,-0.21506741
mp-1187108_H_0_111,mp-1187108,Sn6Ru2,111,False,"{'Ru': 25.0, 'Sn': 75.0}","{'Ru': 25.0, 'Sn': 75.0}",Hexagonal,P63mmc,-0.24462890625,0.04659944
mp-1072181_H_0_111,mp-1072181,Fe2Sb4,111,False,"{'Fe': 33.33333333333333, 'Sb': 66.66666666666666}","{'Fe': 22.22222222222222, 'Sb': 77.77777777777779}",Tetragonal,I4mcm,-0.2490234375,-0.23474328
mp-22752_H_2_111,mp-22752,Fe2Sn4,111,False,"{'Fe': 33.33333333333333, 'Sn': 66.66666666666666}","{'Fe': 40.0, 'Sn': 60.0}",Tetragonal,I4mcm,-0.22021484375,-0.18848486
mp-20714_H_1_111,mp-20714,Fe2Sb4,111,False,"{'Fe': 33.33333333333333, 'Sb': 66.66666666666666}","{'Fe': 37.5, 'Sb': 62.5}",Orthorhombic,Pnnm,-0.21142578125,-0.21466626
mp-1184775_H_1_111,mp-1184775,Fe2Sn6,111,False,"{'Fe': 25.0, 'Sn': 75.0}","{'Fe': 22.22222222222222, 'Sn': 77.77777777777779}",Hexagonal,P63mmc,-0.23095703125,-0.3512957
mp-1187254_H_1_111,mp-1187254,TaSb3,111,False,"{'Sb': 75.0, 'Ta': 25.0}","{'Sb': 66.66666666666666, 'Ta': 33.33333333333333}",Cubic,Fm3m,-0.1640625,-0.66151312
mp-973353_H_1_111,mp-973353,SbPt3,111,False,"{'Pt': 75.0, 'Sb': 25.0}","{'Pt': 66.66666666666666, 'Sb': 33.33333333333333}",Cubic,Fm3m,-0.332275390625,-0.39603239
mp-1183707_H_2_111,mp-1183707,CoMo3,111,False,"{'Co': 25.0, 'Mo': 75.0}",{'Mo': 100.0},Cubic,Fm3m,-0.35107421875,-0.20385783
mp-20155_H_2_111,mp-20155,Co2Sn4,111,False,"{'Co': 33.33333333333333, 'Sn': 66.66666666666666}","{'Co': 25.0, 'Sn': 75.0}",Tetragonal,I4mcm,-0.1875,-0.17909988
mp-20155_H_3_111,mp-20155,Co2Sn4,111,False,"{'Co': 33.33333333333333, 'Sn': 66.66666666666666}","{'Co': 25.0, 'Sn': 75.0}",Tetragonal,I4mcm,-0.22412109375,-0.22490263
mp-810_H_0_111,mp-810,Ni2Sb2,111,False,"{'Ni': 50.0, 'Sb': 50.0}","{'Ni': 42.857142857142854, 'Sb': 57.14285714285714}",Hexagonal,P63mmc,-0.24072265625,-0.23480621
mp-20086_H_2_111,mp-20086,Mn2Sn4,111,False,"{'Mn': 33.33333333333333, 'Sn': 66.66666666666666}","{'Mn': 40.0, 'Sn': 60.0}",Tetragonal,I4mcm,-0.269775390625,-0.19101056
mp-810_H_1_111,mp-810,Ni2Sb2,111,False,"{'Ni': 50.0, 'Sb': 50.0}","{'Ni': 33.33333333333333, 'Sb': 66.66666666666666}",Hexagonal,P63mmc,-0.21435546875,-0.24847345
mp-20086_H_3_111,mp-20086,Mn2Sn4,111,False,"{'Mn': 33.33333333333333, 'Sn': 66.66666666666666}","{'Mn': 36.36363636363637, 'Sn': 63.63636363636363}",Tetragonal,I4mcm,-0.234375,-0.1020306
mp-11552_H_0_111,mp-11552,TiPt,111,False,"{'Pt': 50.0, 'Ti': 50.0}","{'Pt': 66.66666666666666, 'Ti': 33.33333333333333}",Cubic,Pm3m,-0.262451171875,-0.19782045
mp-581786_H_3_111,mp-581786,Cu6Sn2,111,False,"{'Cu': 75.0, 'Sn': 25.0}","{'Cu': 66.66666666666666, 'Sn': 33.33333333333333}",Orthorhombic,Pmmn,-0.14404296875,-0.07499911
mp-581786_H_4_111,mp-581786,Cu6Sn2,111,False,"{'Cu': 75.0, 'Sn': 25.0}","{'Cu': 75.0, 'Sn': 25.0}",Orthorhombic,Pmmn,-0.14306640625,-0.1556682
mp-1184260_H_0_111,mp-1184260,Fe3Cu,111,False,"{'Cu': 25.0, 'Fe': 75.0}","{'Cu': 33.33333333333333, 'Fe': 66.66666666666666}",Cubic,Fm3m,-0.28857421875,-0.28279651
mp-1007854_H_2_111,mp-1007854,FeNi3,111,False,"{'Fe': 25.0, 'Ni': 75.0}",{'Ni': 100.0},Cubic,Fm3m,-0.280029296875,-0.28247959
mp-999378_H_2_111,mp-999378,NbNi3,111,False,"{'Nb': 25.0, 'Ni': 75.0}",{'Ni': 100.0},Cubic,Fm3m,-0.328369140625,-0.27239306
mp-1006883_H_0_111,mp-1006883,CoNi,111,False,"{'Co': 50.0, 'Ni': 50.0}","{'Co': 66.66666666666666, 'Ni': 33.33333333333333}",Cubic,Pm3m,-0.342041015625,-0.33956493
mp-581786_H_5_111,mp-581786,Cu6Sn2,111,False,"{'Cu': 75.0, 'Sn': 25.0}","{'Cu': 66.66666666666666, 'Sn': 33.33333333333333}",Orthorhombic,Pmmn,-0.12158203125,-0.11420219
mp-581786_H_2_111,mp-581786,Cu6Sn2,111,False,"{'Cu': 75.0, 'Sn': 25.0}","{'Cu': 80.0, 'Sn': 20.0}",Orthorhombic,Pmmn,-0.17333984375,-0.14692648
mp-11552_H_1_111,mp-11552,TiPt,111,False,"{'Pt': 50.0, 'Ti': 50.0}","{'Pt': 33.33333333333333, 'Ti': 66.66666666666666}",Cubic,Pm3m,-0.3349609375,-0.42392042
mp-1006883_H_1_111,mp-1006883,CoNi,111,False,"{'Co': 50.0, 'Ni': 50.0}","{'Co': 33.33333333333333, 'Ni': 66.66666666666666}",Cubic,Pm3m,-0.298095703125,-0.34572898
mp-1007854_H_3_111,mp-1007854,FeNi3,111,False,"{'Fe': 25.0, 'Ni': 75.0}","{'Fe': 33.33333333333333, 'Ni': 66.66666666666666}",Cubic,Fm3m,-0.37451171875,-0.35621003
mp-1184260_H_1_111,mp-1184260,Fe3Cu,111,False,"{'Cu': 25.0, 'Fe': 75.0}","{'Cu': 33.33333333333333, 'Fe': 66.66666666666666}",Cubic,Fm3m,-0.20166015625,-0.27465433
mp-1207123_H_1_111,mp-1207123,Nb2Sb2,111,False,"{'Nb': 50.0, 'Sb': 50.0}","{'Nb': 50.0, 'Sb': 50.0}",Hexagonal,P63mmc,-0.11181640625,-0.14629478
mp-11364_H_1_111,mp-11364,TiCu,111,False,"{'Cu': 50.0, 'Ti': 50.0}","{'Cu': 66.66666666666666, 'Ti': 33.33333333333333}",Cubic,Pm3m,-0.15380859375,-0.11236271
mp-20714_H_4_111,mp-20714,Fe2Sb4,111,False,"{'Fe': 33.33333333333333, 'Sb': 66.66666666666666}","{'Fe': 30.0, 'Sb': 70.0}",Orthorhombic,Pnnm,-0.13427734375,-0.08113502
mp-22752_H_0_111,mp-22752,Fe2Sn4,111,False,"{'Fe': 33.33333333333333, 'Sn': 66.66666666666666}","{'Fe': 22.22222222222222, 'Sn': 77.77777777777779}",Tetragonal,I4mcm,-0.3251953125,-0.35915847
mp-19856_H_1_111,mp-19856,Sn2Pt2,111,False,"{'Pt': 50.0, 'Sn': 50.0}","{'Pt': 33.33333333333333, 'Sn': 66.66666666666666}",Hexagonal,P63mmc,-0.1240234375,-0.11723919
mp-1072181_H_2_111,mp-1072181,Fe2Sb4,111,False,"{'Fe': 33.33333333333333, 'Sb': 66.66666666666666}","{'Fe': 40.0, 'Sb': 60.0}",Tetragonal,I4mcm,-0.294921875,-0.33076441
mp-998982_H_1_111,mp-998982,Ti3Sn,111,False,"{'Sn': 25.0, 'Ti': 75.0}","{'Sn': 33.33333333333333, 'Ti': 66.66666666666666}",Cubic,Fm3m,-0.2958984375,-0.33822835
mp-20714_H_5_111,mp-20714,Fe2Sb4,111,False,"{'Fe': 33.33333333333333, 'Sb': 66.66666666666666}","{'Fe': 33.33333333333333, 'Sb': 66.66666666666666}",Orthorhombic,Pnnm,-0.18701171875,0.60791611
mp-22752_H_1_111,mp-22752,Fe2Sn4,111,False,"{'Fe': 33.33333333333333, 'Sn': 66.66666666666666}","{'Fe': 22.22222222222222, 'Sn': 77.77777777777779}",Tetragonal,I4mcm,-0.169921875,-0.19686237
mp-19856_H_0_111,mp-19856,Sn2Pt2,111,False,"{'Pt': 50.0, 'Sn': 50.0}","{'Pt': 42.857142857142854, 'Sn': 57.14285714285714}",Hexagonal,P63mmc,-0.3564453125,-0.33685122
mp-2213_H_0_111,mp-2213,Fe2Ni2,111,False,"{'Fe': 50.0, 'Ni': 50.0}","{'Fe': 66.66666666666666, 'Ni': 33.33333333333333}",Tetragonal,P4mmm,-0.3349609375,-0.34506932
mp-20155_H_0_111,mp-20155,Co2Sn4,111,False,"{'Co': 33.33333333333333, 'Sn': 66.66666666666666}","{'Co': 14.285714285714285, 'Sn': 85.71428571428571}",Tetragonal,I4mcm,-0.22412109375,-0.21212222
mp-649_H_0_111,mp-649,FePt3,111,False,"{'Fe': 25.0, 'Pt': 75.0}","{'Fe': 25.0, 'Pt': 75.0}",Cubic,Pm3m,-0.33544921875,-0.33937449
mp-20086_H_1_111,mp-20086,Mn2Sn4,111,False,"{'Mn': 33.33333333333333, 'Sn': 66.66666666666666}","{'Mn': 22.22222222222222, 'Sn': 77.77777777777779}",Tetragonal,I4mcm,-0.11767578125,-0.17065194
mp-838_H_3_111,mp-838,Cu3Sn,111,False,"{'Cu': 75.0, 'Sn': 25.0}","{'Cu': 66.66666666666666, 'Sn': 33.33333333333333}",Cubic,Fm3m,-0.11181640625,-0.08877883
mp-1187261_H_0_111,mp-1187261,Ta2Sn6,111,False,"{'Sn': 75.0, 'Ta': 25.0}","{'Sn': 75.0, 'Ta': 25.0}",Hexagonal,P63mmc,-0.260009765625,-0.21766066
mp-13100_H_0_111,mp-13100,MoPt3,111,False,"{'Mo': 25.0, 'Pt': 75.0}","{'Mo': 25.0, 'Pt': 75.0}",Cubic,Pm3m,-0.15576171875,-0.2125748
mp-1186237_H_0_111,mp-1186237,Nb2Sn6,111,False,"{'Nb': 25.0, 'Sn': 75.0}","{'Nb': 25.0, 'Sn': 75.0}",Hexagonal,P63mmc,-0.19580078125,-0.06477312
mp-20086_H_0_111,mp-20086,Mn2Sn4,111,False,"{'Mn': 33.33333333333333, 'Sn': 66.66666666666666}","{'Mn': 22.22222222222222, 'Sn': 77.77777777777779}",Tetragonal,I4mcm,-0.20458984375,-0.19882419
mp-1007854_H_1_111,mp-1007854,FeNi3,111,False,"{'Fe': 25.0, 'Ni': 75.0}","{'Fe': 33.33333333333333, 'Ni': 66.66666666666666}",Cubic,Fm3m,-0.28271484375,-0.29505917
mp-1184260_H_3_111,mp-1184260,Fe3Cu,111,False,"{'Cu': 25.0, 'Fe': 75.0}","{'Cu': 33.33333333333333, 'Fe': 66.66666666666666}",Cubic,Fm3m,-0.377685546875,-0.40589098
mp-2845_H_0_111,mp-2845,Sb2Pt2,111,False,"{'Pt': 50.0, 'Sb': 50.0}","{'Pt': 42.857142857142854, 'Sb': 57.14285714285714}",Hexagonal,P63mmc,-0.115234375,-0.03815442
mp-581786_H_0_111,mp-581786,Cu6Sn2,111,False,"{'Cu': 75.0, 'Sn': 25.0}","{'Cu': 75.0, 'Sn': 25.0}",Orthorhombic,Pmmn,-0.111328125,-0.07455652
mp-13138_H_0_111,mp-13138,Cu6Sn2,111,False,"{'Cu': 75.0, 'Sn': 25.0}","{'Cu': 66.66666666666666, 'Sn': 33.33333333333333}",Hexagonal,P63mmc,-0.20263671875,-0.21199984
mp-999378_H_0_111,mp-999378,NbNi3,111,False,"{'Nb': 25.0, 'Ni': 75.0}","{'Nb': 33.33333333333333, 'Ni': 66.66666666666666}",Cubic,Fm3m,-0.39453125,-0.53354949
mp-1007854_H_0_111,mp-1007854,FeNi3,111,False,"{'Fe': 25.0, 'Ni': 75.0}","{'Fe': 33.33333333333333, 'Ni': 66.66666666666666}",Cubic,Fm3m,-0.389892578125,-0.3759228
mp-581786_H_1_111,mp-581786,Cu6Sn2,111,False,"{'Cu': 75.0, 'Sn': 25.0}","{'Cu': 77.77777777777779, 'Sn': 22.22222222222222}",Orthorhombic,Pmmn,-0.2060546875,-0.27833042
mp-1207123_H_2_100,mp-1207123,Nb2Sb2,100,False,"{'Nb': 50.0, 'Sb': 50.0}","{'Nb': 50.0, 'Sb': 50.0}",Hexagonal,P63mmc,-0.3349609375,-0.44745099
mp-20714_H_0_100,mp-20714,Fe2Sb4,100,False,"{'Fe': 33.33333333333333, 'Sb': 66.66666666666666}","{'Fe': 33.33333333333333, 'Sb': 66.66666666666666}",Orthorhombic,Pnnm,-0.292236328125,-0.20341744
mp-1184324_H_4_100,mp-1184324,Fe6Sb2,100,False,"{'Fe': 75.0, 'Sb': 25.0}","{'Fe': 50.0, 'Sb': 50.0}",Hexagonal,P63mmc,-0.224609375,-0.64109897
mp-1226032_H_1_100,mp-1226032,Co3Sn2,100,False,"{'Co': 60.0, 'Sn': 40.0}","{'Co': 60.0, 'Sn': 40.0}",Hexagonal,P6m2,-0.23291015625,-0.29203596
mp-973353_H_1_100,mp-973353,SbPt3,100,False,"{'Pt': 75.0, 'Sb': 25.0}","{'Pt': 75.0, 'Sb': 25.0}",Cubic,Fm3m,-0.23291015625,-0.37555647
mp-22461_H_0_100,mp-22461,Fe3Sn,100,False,"{'Fe': 75.0, 'Sn': 25.0}","{'Fe': 75.0, 'Sn': 25.0}",Cubic,Pm3m,-0.1357421875,-0.19354823
mp-568067_H_0_100,mp-568067,Ni2Pt2,100,False,"{'Ni': 50.0, 'Pt': 50.0}","{'Ni': 50.0, 'Pt': 50.0}",Tetragonal,P4mmm,-0.3310546875,-0.31682986
mp-838_H_0_100,mp-838,Cu3Sn,100,False,"{'Cu': 75.0, 'Sn': 25.0}","{'Cu': 75.0, 'Sn': 25.0}",Cubic,Fm3m,-0.2099609375,-0.20297712
mp-1183774_H_3_100,mp-1183774,Co6Sn2,100,False,"{'Co': 75.0, 'Sn': 25.0}","{'Co': 50.0, 'Sn': 50.0}",Hexagonal,P63mmc,-0.1904296875,-0.22766936
mp-1217931_H_1_100,mp-1217931,TaNi3,100,False,"{'Ni': 75.0, 'Ta': 25.0}","{'Ni': 75.0, 'Ta': 25.0}",Hexagonal,P6m2,-0.23828125,-1.22920066
mp-810_H_1_100,mp-810,Ni2Sb2,100,False,"{'Ni': 50.0, 'Sb': 50.0}","{'Ni': 50.0, 'Sb': 50.0}",Hexagonal,P63mmc,-0.1357421875,-0.14920993
mp-1185930_H_4_100,mp-1185930,Mn6Sb2,100,False,"{'Mn': 75.0, 'Sb': 25.0}","{'Mn': 75.0, 'Sb': 25.0}",Hexagonal,P63mmc,-0.119140625,-1.20218375
mp-11552_H_0_100,mp-11552,TiPt,100,False,"{'Pt': 50.0, 'Ti': 50.0}","{'Pt': 50.0, 'Ti': 50.0}",Cubic,Pm3m,-0.16748046875,-0.1943915
mp-1066232_H_0_100,mp-1066232,Fe3Pt,100,False,"{'Fe': 75.0, 'Pt': 25.0}","{'Fe': 75.0, 'Pt': 25.0}",Cubic,Pm3m,-0.2841796875,-0.27350647
mp-990532_H_0_100,mp-990532,TiCo,100,False,"{'Co': 50.0, 'Ti': 50.0}","{'Co': 50.0, 'Ti': 50.0}",Cubic,Pm3m,-0.3515625,-0.35392828
mp-1184260_H_1_100,mp-1184260,Fe3Cu,100,False,"{'Cu': 25.0, 'Fe': 75.0}","{'Cu': 25.0, 'Fe': 75.0}",Cubic,Fm3m,-0.349853515625,-0.3607767
mp-19856_H_1_100,mp-19856,Sn2Pt2,100,False,"{'Pt': 50.0, 'Sn': 50.0}","{'Pt': 50.0, 'Sn': 50.0}",Hexagonal,P63mmc,-0.17333984375,-0.12448296
mp-1072076_H_0_100,mp-1072076,Fe2Ni4,100,False,"{'Fe': 33.33333333333333, 'Ni': 66.66666666666666}","{'Fe': 20.0, 'Ni': 80.0}",Cubic,Fd3m,-0.396728515625,-2.24903976
mp-22752_H_1_100,mp-22752,Fe2Sn4,100,False,"{'Fe': 33.33333333333333, 'Sn': 66.66666666666666}","{'Fe': 33.33333333333333, 'Sn': 66.66666666666666}",Tetragonal,I4mcm,-0.364990234375,-0.30072319
mp-1225154_H_1_100,mp-1225154,Fe3Sn,100,False,"{'Fe': 75.0, 'Sn': 25.0}","{'Fe': 75.0, 'Sn': 25.0}",Tetragonal,P4mmm,-0.201171875,-0.53674287
mp-1009826_H_1_100,mp-1009826,TaCo,100,False,"{'Co': 50.0, 'Ta': 50.0}","{'Co': 50.0, 'Ta': 50.0}",Cubic,Pm3m,-0.349853515625,-0.34648587
mp-1226063_H_0_100,mp-1226063,CoNi,100,False,"{'Co': 50.0, 'Ni': 50.0}","{'Co': 50.0, 'Ni': 50.0}",Orthorhombic,Cmmm,-0.376953125,-0.37247462
mp-1009207_H_0_100,mp-1009207,MnSb,100,False,"{'Mn': 50.0, 'Sb': 50.0}","{'Mn': 50.0, 'Sb': 50.0}",Cubic,Pm3m,-0.205078125,-0.65093349
mp-1183707_H_1_100,mp-1183707,CoMo3,100,False,"{'Co': 25.0, 'Mo': 75.0}","{'Co': 25.0, 'Mo': 75.0}",Cubic,Fm3m,-0.35400390625,-0.3689043
mp-1077083_H_0_100,mp-1077083,Fe2Sb4,100,False,"{'Fe': 33.33333333333333, 'Sb': 66.66666666666666}","{'Fe': 33.33333333333333, 'Sb': 66.66666666666666}",Orthorhombic,Pnnm,-0.2666015625,-0.21278866
mp-20883_H_4_100,mp-20883,Fe6Sn2,100,False,"{'Fe': 75.0, 'Sn': 25.0}","{'Fe': 50.0, 'Sn': 50.0}",Hexagonal,P63mmc,-0.2294921875,-0.67051424
mp-1187093_H_2_100,mp-1187093,Sn2Ir6,100,False,"{'Ir': 75.0, 'Sn': 25.0}","{'Ir': 85.71428571428571, 'Sn': 14.285714285714285}",Hexagonal,P63mmc,-0.37646484375,-0.39675193
mp-13100_H_1_100,mp-13100,MoPt3,100,False,"{'Mo': 25.0, 'Pt': 75.0}","{'Mo': 25.0, 'Pt': 75.0}",Cubic,Pm3m,-0.2763671875,-0.25710608
mp-13100_H_0_100,mp-13100,MoPt3,100,False,"{'Mo': 25.0, 'Pt': 75.0}","{'Mo': 25.0, 'Pt': 75.0}",Cubic,Pm3m,-0.38330078125,-0.38634899
mp-649_H_1_100,mp-649,FePt3,100,False,"{'Fe': 25.0, 'Pt': 75.0}","{'Fe': 25.0, 'Pt': 75.0}",Cubic,Pm3m,-0.384033203125,-0.35958838
mp-974747_H_1_100,mp-974747,Mn2Cu6,100,False,"{'Cu': 75.0, 'Mn': 25.0}","{'Cu': 85.71428571428571, 'Mn': 14.285714285714285}",Hexagonal,P63mmc,-0.3642578125,-0.3187301
mp-2845_H_0_100,mp-2845,Sb2Pt2,100,False,"{'Pt': 50.0, 'Sb': 50.0}","{'Pt': 50.0, 'Sb': 50.0}",Hexagonal,P63mmc,-0.336669921875,-0.30009991
mp-1071283_H_0_100,mp-1071283,Nb4Fe2,100,False,"{'Fe': 33.33333333333333, 'Nb': 66.66666666666666}","{'Fe': 20.0, 'Nb': 80.0}",Cubic,Fd3m,-0.251953125,-3.05356955
mp-581786_H_0_100,mp-581786,Cu6Sn2,100,False,"{'Cu': 75.0, 'Sn': 25.0}","{'Cu': 80.0, 'Sn': 20.0}",Orthorhombic,Pmmn,-0.13525390625,-0.09241119
mp-999378_H_0_100,mp-999378,NbNi3,100,False,"{'Nb': 25.0, 'Ni': 75.0}","{'Nb': 25.0, 'Ni': 75.0}",Cubic,Fm3m,-0.38916015625,-0.43996828
mp-1009264_H_1_100,mp-1009264,NbCo,100,False,"{'Co': 50.0, 'Nb': 50.0}","{'Co': 50.0, 'Nb': 50.0}",Cubic,Pm3m,-0.341552734375,-0.38110957
mp-2845_H_1_100,mp-2845,Sb2Pt2,100,False,"{'Pt': 50.0, 'Sb': 50.0}","{'Pt': 50.0, 'Sb': 50.0}",Hexagonal,P63mmc,-0.15185546875,-0.08228199
mp-1225698_H_1_110,mp-1225698,Cu3Ni,110,False,"{'Cu': 75.0, 'Ni': 25.0}","{'Cu': 75.0, 'Ni': 25.0}",Orthorhombic,Cmmm,-0.325927734375,-0.35312506
mp-20714_H_1_110,mp-20714,Fe2Sb4,110,False,"{'Fe': 33.33333333333333, 'Sb': 66.66666666666666}","{'Fe': 33.33333333333333, 'Sb': 66.66666666666666}",Orthorhombic,Pnnm,-0.154296875,-0.10381041
mp-1183751_H_0_110,mp-1183751,CoNi3,110,False,"{'Co': 25.0, 'Ni': 75.0}","{'Co': 25.0, 'Ni': 75.0}",Cubic,Pm3m,-0.393798828125,-0.40087675
mp-1183752_H_1_110,mp-1183752,Co3Cu,110,False,"{'Co': 75.0, 'Cu': 25.0}","{'Co': 75.0, 'Cu': 25.0}",Tetragonal,I4mmm,-0.349365234375,-0.36679381
mp-810_H_0_110,mp-810,Ni2Sb2,110,False,"{'Ni': 50.0, 'Sb': 50.0}","{'Ni': 33.33333333333333, 'Sb': 66.66666666666666}",Hexagonal,P63mmc,-0.15087890625,-0.12951726
mp-1184311_H_1_110,mp-1184311,Fe3Cu,110,False,"{'Cu': 25.0, 'Fe': 75.0}","{'Cu': 25.0, 'Fe': 75.0}",Tetragonal,I4mmm,-0.366455078125,-0.39224353
mp-1220420_H_0_110,mp-1220420,NbNi3,110,False,"{'Nb': 25.0, 'Ni': 75.0}","{'Nb': 25.0, 'Ni': 75.0}",Hexagonal,P6m2,-0.38720703125,-0.46013279
mp-976893_H_0_110,mp-976893,Ni6Sb2,110,False,"{'Ni': 75.0, 'Sb': 25.0}","{'Ni': 75.0, 'Sb': 25.0}",Hexagonal,P63mmc,-0.382080078125,-0.34082492
mp-581786_H_3_110,mp-581786,Cu6Sn2,110,False,"{'Cu': 75.0, 'Sn': 25.0}","{'Cu': 75.0, 'Sn': 25.0}",Orthorhombic,Pmmn,-0.2353515625,-0.21654073
mp-1189793_H_0_110,mp-1189793,Ti4Pt12,110,False,"{'Pt': 75.0, 'Ti': 25.0}","{'Pt': 75.0, 'Ti': 25.0}",Hexagonal,P63mmc,-0.355712890625,-0.37555042
mp-13138_H_2_110,mp-13138,Cu6Sn2,110,False,"{'Cu': 75.0, 'Sn': 25.0}","{'Cu': 75.0, 'Sn': 25.0}",Hexagonal,P63mmc,-0.20556640625,-0.24236575
mp-30788_H_0_110,mp-30788,Sn2Mo6,110,False,"{'Mo': 75.0, 'Sn': 25.0}","{'Mo': 66.66666666666666, 'Sn': 33.33333333333333}",Cubic,Pm3n,-0.16552734375,-0.09944401
mp-1187108_H_2_110,mp-1187108,Sn6Ru2,110,False,"{'Ru': 25.0, 'Sn': 75.0}","{'Ru': 25.0, 'Sn': 75.0}",Hexagonal,P63mmc,-0.15771484375,-1.42342135
mp-20971_H_0_110,mp-20971,SnPt3,110,False,"{'Pt': 75.0, 'Sn': 25.0}","{'Pt': 75.0, 'Sn': 25.0}",Cubic,Pm3m,-0.1953125,-0.12004152
mp-1207123_H_0_110,mp-1207123,Nb2Sb2,110,False,"{'Nb': 50.0, 'Sb': 50.0}","{'Nb': 50.0, 'Sb': 50.0}",Hexagonal,P63mmc,-0.10546875,-0.10163034
mp-19856_H_0_110,mp-19856,Sn2Pt2,110,False,"{'Pt': 50.0, 'Sn': 50.0}","{'Pt': 33.33333333333333, 'Sn': 66.66666666666666}",Hexagonal,P63mmc,-0.1748046875,-0.24074441
mp-1184336_H_1_110,mp-1184336,FeIr3,110,False,"{'Fe': 25.0, 'Ir': 75.0}","{'Fe': 25.0, 'Ir': 75.0}",Tetragonal,I4mmm,-0.376953125,-0.33230014
mp-1184054_H_1_110,mp-1184054,CuNi3,110,False,"{'Cu': 25.0, 'Ni': 75.0}","{'Cu': 25.0, 'Ni': 75.0}",Tetragonal,I4mmm,-0.338134765625,-0.33775918
mp-649_H_0_110,mp-649,FePt3,110,False,"{'Fe': 25.0, 'Pt': 75.0}","{'Fe': 25.0, 'Pt': 75.0}",Cubic,Pm3m,-0.31103515625,-0.28590469
mp-1225687_H_0_110,mp-1225687,CuNi,110,False,"{'Cu': 50.0, 'Ni': 50.0}","{'Cu': 50.0, 'Ni': 50.0}",Trigonal,R3m,-0.394287109375,-0.39960551
mp-13100_H_0_110,mp-13100,MoPt3,110,False,"{'Mo': 25.0, 'Pt': 75.0}","{'Mo': 25.0, 'Pt': 75.0}",Cubic,Pm3m,-0.349853515625,-0.39000184
mp-1007852_H_0_110,mp-1007852,FeCo3,110,False,"{'Co': 75.0, 'Fe': 25.0}","{'Co': 75.0, 'Fe': 25.0}",Cubic,Pm3m,-0.36669921875,-0.35792077
mp-1224953_H_1_110,mp-1224953,FeCu3,110,False,"{'Cu': 75.0, 'Fe': 25.0}","{'Cu': 75.0, 'Fe': 25.0}",Orthorhombic,Cmmm,-0.3505859375,-0.41777227
mp-1220074_H_0_110,mp-1220074,Ni3Mo,110,False,"{'Mo': 25.0, 'Ni': 75.0}","{'Mo': 25.0, 'Ni': 75.0}",Trigonal,R3m,-0.379638671875,-0.39855588
mp-1224761_H_1_110,mp-1224761,Fe3Pt,110,False,"{'Fe': 75.0, 'Pt': 25.0}","{'Fe': 75.0, 'Pt': 25.0}",Orthorhombic,Cmmm,-0.16357421875,-1.05839728
mp-581786_H_0_110,mp-581786,Cu6Sn2,110,False,"{'Cu': 75.0, 'Sn': 25.0}","{'Cu': 80.0, 'Sn': 20.0}",Orthorhombic,Pmmn,-0.232421875,-0.19499465
mp-13138_H_1_110,mp-13138,Cu6Sn2,110,False,"{'Cu': 75.0, 'Sn': 25.0}","{'Cu': 75.0, 'Sn': 25.0}",Hexagonal,P63mmc,-0.23193359375,-0.2038952
mp-1225695_H_1_110,mp-1225695,CuNi,110,False,"{'Cu': 50.0, 'Ni': 50.0}","{'Cu': 50.0, 'Ni': 50.0}",Orthorhombic,Cmmm,-0.376953125,-0.38959974
mp-999543_H_0_110,mp-999543,MnCo3,110,False,"{'Co': 75.0, 'Mn': 25.0}","{'Co': 75.0, 'Mn': 25.0}",Cubic,Pm3m,-0.365966796875,-0.34756857
mp-19856_H_2_210,mp-19856,Sn2Pt2,210,False,"{'Pt': 50.0, 'Sn': 50.0}","{'Pt': 25.0, 'Sn': 75.0}",Hexagonal,P63mmc,-0.240234375,-0.21266746
mp-1187108_H_1_210,mp-1187108,Sn6Ru2,210,False,"{'Ru': 25.0, 'Sn': 75.0}","{'Ru': 25.0, 'Sn': 75.0}",Hexagonal,P63mmc,-0.29541015625,0.26782848
mp-1207123_H_2_210,mp-1207123,Nb2Sb2,210,False,"{'Nb': 50.0, 'Sb': 50.0}","{'Nb': 50.0, 'Sb': 50.0}",Hexagonal,P63mmc,-0.212890625,-0.14633253
mp-20714_H_1_210,mp-20714,Fe2Sb4,210,False,"{'Fe': 33.33333333333333, 'Sb': 66.66666666666666}","{'Fe': 33.33333333333333, 'Sb': 66.66666666666666}",Orthorhombic,Pnnm,-0.2451171875,-0.20297712
mp-838_H_0_210,mp-838,Cu3Sn,210,False,"{'Cu': 75.0, 'Sn': 25.0}","{'Cu': 75.0, 'Sn': 25.0}",Cubic,Fm3m,-0.38818359375,-0.05962764
mp-1220420_H_0_210,mp-1220420,NbNi3,210,False,"{'Nb': 25.0, 'Ni': 75.0}","{'Nb': 25.0, 'Ni': 75.0}",Hexagonal,P6m2,-0.373046875,-0.43391512
mp-810_H_1_210,mp-810,Ni2Sb2,210,False,"{'Ni': 50.0, 'Sb': 50.0}","{'Ni': 40.0, 'Sb': 60.0}",Hexagonal,P63mmc,-0.22412109375,-0.21695436
mp-22389_H_1_210,mp-22389,Mn6Sn2,210,False,"{'Mn': 75.0, 'Sn': 25.0}","{'Mn': 75.0, 'Sn': 25.0}",Hexagonal,P63mmc,-0.37451171875,-0.10717449
mp-11552_H_0_210,mp-11552,TiPt,210,False,"{'Pt': 50.0, 'Ti': 50.0}","{'Pt': 50.0, 'Ti': 50.0}",Cubic,Pm3m,-0.22412109375,-0.19201672
mp-13138_H_4_210,mp-13138,Cu6Sn2,210,False,"{'Cu': 75.0, 'Sn': 25.0}","{'Cu': 66.66666666666666, 'Sn': 33.33333333333333}",Hexagonal,P63mmc,-0.220703125,-0.21962333
mp-13138_H_5_210,mp-13138,Cu6Sn2,210,False,"{'Cu': 75.0, 'Sn': 25.0}","{'Cu': 66.66666666666666, 'Sn': 33.33333333333333}",Hexagonal,P63mmc,-0.23681640625,-0.20604443
mp-13138_H_2_210,mp-13138,Cu6Sn2,210,False,"{'Cu': 75.0, 'Sn': 25.0}","{'Cu': 76.92307692307693, 'Sn': 23.076923076923077}",Hexagonal,P63mmc,-0.280029296875,-0.2511863
mp-19856_H_1_210,mp-19856,Sn2Pt2,210,False,"{'Pt': 50.0, 'Sn': 50.0}","{'Pt': 40.0, 'Sn': 60.0}",Hexagonal,P63mmc,-0.1943359375,-0.2223167
mp-20714_H_2_210,mp-20714,Fe2Sb4,210,False,"{'Fe': 33.33333333333333, 'Sb': 66.66666666666666}","{'Fe': 33.33333333333333, 'Sb': 66.66666666666666}",Orthorhombic,Pnnm,-0.29345703125,-0.2100644
mp-1187108_H_4_210,mp-1187108,Sn6Ru2,210,False,"{'Ru': 25.0, 'Sn': 75.0}","{'Ru': 25.0, 'Sn': 75.0}",Hexagonal,P63mmc,-0.29736328125,1.32726059
mp-1187108_H_3_210,mp-1187108,Sn6Ru2,210,False,"{'Ru': 25.0, 'Sn': 75.0}","{'Ru': 16.666666666666664, 'Sn': 83.33333333333334}",Hexagonal,P63mmc,-0.17626953125,0.06412337
mp-1184069_H_0_210,mp-1184069,CuNi,210,False,"{'Cu': 50.0, 'Ni': 50.0}","{'Cu': 50.0, 'Ni': 50.0}",Hexagonal,P6m2,-0.371337890625,-0.35201535
mp-1218950_H_0_210,mp-1218950,SnMo3,210,False,"{'Mo': 75.0, 'Sn': 25.0}","{'Mo': 81.81818181818183, 'Sn': 18.181818181818183}",Orthorhombic,Cmmm,-0.18115234375,-0.05313081
mp-1009207_H_1_210,mp-1009207,MnSb,210,False,"{'Mn': 50.0, 'Sb': 50.0}","{'Mn': 50.0, 'Sb': 50.0}",Cubic,Pm3m,-0.25927734375,-0.2538698
mp-1220420_H_2_210,mp-1220420,NbNi3,210,False,"{'Nb': 25.0, 'Ni': 75.0}","{'Nb': 25.0, 'Ni': 75.0}",Hexagonal,P6m2,-0.2216796875,-0.54270095
mp-810_H_2_210,mp-810,Ni2Sb2,210,False,"{'Ni': 50.0, 'Sb': 50.0}","{'Ni': 25.0, 'Sb': 75.0}",Hexagonal,P63mmc,-0.224609375,-0.25112029
mp-2845_H_0_210,mp-2845,Sb2Pt2,210,False,"{'Pt': 50.0, 'Sb': 50.0}","{'Pt': 40.0, 'Sb': 60.0}",Hexagonal,P63mmc,-0.373779296875,-0.28231462
mp-581786_H_0_210,mp-581786,Cu6Sn2,210,False,"{'Cu': 75.0, 'Sn': 25.0}","{'Cu': 80.0, 'Sn': 20.0}",Orthorhombic,Pmmn,-0.22216796875,-0.18494176
mp-13138_H_0_210,mp-13138,Cu6Sn2,210,False,"{'Cu': 75.0, 'Sn': 25.0}","{'Cu': 75.0, 'Sn': 25.0}",Hexagonal,P63mmc,-0.23046875,-0.24059296
mp-13138_H_1_210,mp-13138,Cu6Sn2,210,False,"{'Cu': 75.0, 'Sn': 25.0}","{'Cu': 76.92307692307693, 'Sn': 23.076923076923077}",Hexagonal,P63mmc,-0.29736328125,-0.29799275
mp-581786_H_1_210,mp-581786,Cu6Sn2,210,False,"{'Cu': 75.0, 'Sn': 25.0}","{'Cu': 80.0, 'Sn': 20.0}",Orthorhombic,Pmmn,-0.2314453125,-0.21996673
mp-1221705_H_2_210,mp-1221705,Mn3Sb2,210,False,"{'Mn': 60.0, 'Sb': 40.0}","{'Mn': 50.0, 'Sb': 50.0}",Hexagonal,P6m2,-0.399169921875,-0.69135299
mp-19856_H_2_211,mp-19856,Sn2Pt2,211,False,"{'Pt': 50.0, 'Sn': 50.0}","{'Pt': 33.33333333333333, 'Sn': 66.66666666666666}",Hexagonal,P63mmc,-0.14697265625,-0.16484004
mp-1187108_H_6_211,mp-1187108,Sn6Ru2,211,False,"{'Ru': 25.0, 'Sn': 75.0}","{'Ru': 16.666666666666664, 'Sn': 83.33333333333334}",Hexagonal,P63mmc,-0.166015625,-0.30859936
mp-1187108_H_1_211,mp-1187108,Sn6Ru2,211,False,"{'Ru': 25.0, 'Sn': 75.0}","{'Ru': 33.33333333333333, 'Sn': 66.66666666666666}",Hexagonal,P63mmc,-0.19384765625,-0.42973303
mp-1187108_H_0_211,mp-1187108,Sn6Ru2,211,False,"{'Ru': 25.0, 'Sn': 75.0}","{'Ru': 25.0, 'Sn': 75.0}",Hexagonal,P63mmc,-0.13623046875,0.12696485
mp-510164_H_5_211,mp-510164,Fe4Sn2,211,False,"{'Fe': 66.66666666666666, 'Sn': 33.33333333333333}","{'Fe': 63.63636363636363, 'Sn': 36.36363636363637}",Hexagonal,P63mmc,-0.3515625,-0.1985814
mp-20714_H_1_211,mp-20714,Fe2Sb4,211,False,"{'Fe': 33.33333333333333, 'Sb': 66.66666666666666}","{'Fe': 33.33333333333333, 'Sb': 66.66666666666666}",Orthorhombic,Pnnm,-0.35400390625,-0.34010683
mp-20155_H_2_211,mp-20155,Co2Sn4,211,False,"{'Co': 33.33333333333333, 'Sn': 66.66666666666666}","{'Co': 22.22222222222222, 'Sn': 77.77777777777779}",Tetragonal,I4mcm,-0.264404296875,-0.21125738
mp-1187261_H_3_211,mp-1187261,Ta2Sn6,211,False,"{'Sn': 75.0, 'Ta': 25.0}","{'Sn': 66.66666666666666, 'Ta': 33.33333333333333}",Hexagonal,P63mmc,-0.348388671875,-0.58901712
mp-810_H_0_211,mp-810,Ni2Sb2,211,False,"{'Ni': 50.0, 'Sb': 50.0}","{'Ni': 40.0, 'Sb': 60.0}",Hexagonal,P63mmc,-0.257568359375,-0.25046746
mp-838_H_0_211,mp-838,Cu3Sn,211,False,"{'Cu': 75.0, 'Sn': 25.0}","{'Cu': 75.0, 'Sn': 25.0}",Cubic,Fm3m,-0.12158203125,-0.10041177
mp-1186237_H_2_211,mp-1186237,Nb2Sn6,211,False,"{'Nb': 25.0, 'Sn': 75.0}","{'Nb': 25.0, 'Sn': 75.0}",Hexagonal,P63mmc,-0.1044921875,-0.25832524
mp-810_H_1_211,mp-810,Ni2Sb2,211,False,"{'Ni': 50.0, 'Sb': 50.0}","{'Ni': 33.33333333333333, 'Sb': 66.66666666666666}",Hexagonal,P63mmc,-0.287109375,-0.30119248
mp-1187261_H_2_211,mp-1187261,Ta2Sn6,211,False,"{'Sn': 75.0, 'Ta': 25.0}","{'Sn': 75.0, 'Ta': 25.0}",Hexagonal,P63mmc,-0.240234375,-0.30214954
mp-1186237_H_3_211,mp-1186237,Nb2Sn6,211,False,"{'Nb': 25.0, 'Sn': 75.0}","{'Nb': 33.33333333333333, 'Sn': 66.66666666666666}",Hexagonal,P63mmc,-0.24365234375,-0.30266756
mp-6912_H_0_211,mp-6912,Mn4Sb2,211,False,"{'Mn': 66.66666666666666, 'Sb': 33.33333333333333}","{'Mn': 70.0, 'Sb': 30.0}",Hexagonal,P63mmc,-0.31103515625,-0.53426473
mp-2845_H_3_211,mp-2845,Sb2Pt2,211,False,"{'Pt': 50.0, 'Sb': 50.0}","{'Pt': 44.44444444444444, 'Sb': 55.55555555555556}",Hexagonal,P63mmc,-0.328369140625,-0.36580809
mp-972318_H_3_211,mp-972318,Ti2Sn6,211,False,"{'Sn': 75.0, 'Ti': 25.0}","{'Sn': 66.66666666666666, 'Ti': 33.33333333333333}",Hexagonal,P63mmc,-0.162109375,-0.4705809
mp-11552_H_0_211,mp-11552,TiPt,211,False,"{'Pt': 50.0, 'Ti': 50.0}","{'Pt': 50.0, 'Ti': 50.0}",Cubic,Pm3m,-0.2353515625,-0.23194444
mp-581786_H_3_211,mp-581786,Cu6Sn2,211,False,"{'Cu': 75.0, 'Sn': 25.0}","{'Cu': 76.92307692307693, 'Sn': 23.076923076923077}",Orthorhombic,Pmmn,-0.18798828125,-0.14177416
mp-581786_H_5_211,mp-581786,Cu6Sn2,211,False,"{'Cu': 75.0, 'Sn': 25.0}","{'Cu': 75.0, 'Sn': 25.0}",Orthorhombic,Pmmn,-0.169921875,-0.14626656
mp-13138_H_2_211,mp-13138,Cu6Sn2,211,False,"{'Cu': 75.0, 'Sn': 25.0}","{'Cu': 69.23076923076923, 'Sn': 30.76923076923077}",Hexagonal,P63mmc,-0.296630859375,-0.28435467
mp-581786_H_2_211,mp-581786,Cu6Sn2,211,False,"{'Cu': 75.0, 'Sn': 25.0}","{'Cu': 71.42857142857143, 'Sn': 28.57142857142857}",Orthorhombic,Pmmn,-0.14599609375,-0.1427801
mp-1221744_H_4_211,mp-1221744,Mn7Sb4,211,False,"{'Mn': 63.63636363636363, 'Sb': 36.36363636363637}","{'Mn': 63.1578947368421, 'Sb': 36.84210526315789}",Hexagonal,P6m2,-0.1494140625,-1.10375049
mp-20714_H_4_211,mp-20714,Fe2Sb4,211,False,"{'Fe': 33.33333333333333, 'Sb': 66.66666666666666}","{'Fe': 33.33333333333333, 'Sb': 66.66666666666666}",Orthorhombic,Pnnm,-0.29736328125,-0.2066801
mp-22752_H_0_211,mp-22752,Fe2Sn4,211,False,"{'Fe': 33.33333333333333, 'Sn': 66.66666666666666}","{'Fe': 33.33333333333333, 'Sn': 66.66666666666666}",Tetragonal,I4mcm,-0.26708984375,-0.26910282
mp-19856_H_1_211,mp-19856,Sn2Pt2,211,False,"{'Pt': 50.0, 'Sn': 50.0}","{'Pt': 30.0, 'Sn': 70.0}",Hexagonal,P63mmc,-0.358154296875,-0.36663865
mp-1187108_H_2_211,mp-1187108,Sn6Ru2,211,False,"{'Ru': 25.0, 'Sn': 75.0}","{'Ru': 33.33333333333333, 'Sn': 66.66666666666666}",Hexagonal,P63mmc,-0.13916015625,-0.37302199
mp-1187108_H_5_211,mp-1187108,Sn6Ru2,211,False,"{'Ru': 25.0, 'Sn': 75.0}","{'Ru': 16.666666666666664, 'Sn': 83.33333333333334}",Hexagonal,P63mmc,-0.1015625,0.07565706
mp-20714_H_2_211,mp-20714,Fe2Sb4,211,False,"{'Fe': 33.33333333333333, 'Sb': 66.66666666666666}","{'Fe': 33.33333333333333, 'Sb': 66.66666666666666}",Orthorhombic,Pnnm,-0.22802734375,-0.92936621
mp-973354_H_3_211,mp-973354,SbPt3,211,False,"{'Pt': 75.0, 'Sb': 25.0}","{'Pt': 83.33333333333334, 'Sb': 16.666666666666664}",Tetragonal,I4mmm,-0.39599609375,-0.38091967
mp-1184775_H_2_211,mp-1184775,Fe2Sn6,211,False,"{'Fe': 25.0, 'Sn': 75.0}","{'Fe': 16.666666666666664, 'Sn': 83.33333333333334}",Hexagonal,P63mmc,-0.11279296875,0.09349995
mp-1187108_H_4_211,mp-1187108,Sn6Ru2,211,False,"{'Ru': 25.0, 'Sn': 75.0}","{'Ru': 25.0, 'Sn': 75.0}",Hexagonal,P63mmc,-0.20849609375,-0.23551996
mp-1187108_H_3_211,mp-1187108,Sn6Ru2,211,False,"{'Ru': 25.0, 'Sn': 75.0}","{'Ru': 25.0, 'Sn': 75.0}",Hexagonal,P63mmc,-0.14599609375,-1.13601788
mp-19856_H_0_211,mp-19856,Sn2Pt2,211,False,"{'Pt': 50.0, 'Sn': 50.0}","{'Pt': 40.0, 'Sn': 60.0}",Hexagonal,P63mmc,-0.35009765625,-0.31741601
mp-1009207_H_0_211,mp-1009207,MnSb,211,False,"{'Mn': 50.0, 'Sb': 50.0}","{'Mn': 50.0, 'Sb': 50.0}",Cubic,Pm3m,-0.17822265625,-0.17045374
mp-1186237_H_0_211,mp-1186237,Nb2Sn6,211,False,"{'Nb': 25.0, 'Sn': 75.0}","{'Nb': 16.666666666666664, 'Sn': 83.33333333333334}",Hexagonal,P63mmc,-0.1064453125,-0.12278273
mp-1187261_H_1_211,mp-1187261,Ta2Sn6,211,False,"{'Sn': 75.0, 'Ta': 25.0}","{'Sn': 83.33333333333334, 'Ta': 16.666666666666664}",Hexagonal,P63mmc,-0.15576171875,-0.05448351
mp-810_H_2_211,mp-810,Ni2Sb2,211,False,"{'Ni': 50.0, 'Sb': 50.0}","{'Ni': 33.33333333333333, 'Sb': 66.66666666666666}",Hexagonal,P63mmc,-0.19384765625,-0.20500821
mp-2845_H_0_211,mp-2845,Sb2Pt2,211,False,"{'Pt': 50.0, 'Sb': 50.0}","{'Pt': 40.0, 'Sb': 60.0}",Hexagonal,P63mmc,-0.208984375,-0.46207969
mp-581786_H_0_211,mp-581786,Cu6Sn2,211,False,"{'Cu': 75.0, 'Sn': 25.0}","{'Cu': 69.23076923076923, 'Sn': 30.76923076923077}",Orthorhombic,Pmmn,-0.11474609375,-0.09255427
mp-13138_H_0_211,mp-13138,Cu6Sn2,211,False,"{'Cu': 75.0, 'Sn': 25.0}","{'Cu': 69.23076923076923, 'Sn': 30.76923076923077}",Hexagonal,P63mmc,-0.2099609375,-0.18656523
mp-1221744_H_0_211,mp-1221744,Mn7Sb4,211,False,"{'Mn': 63.63636363636363, 'Sb': 36.36363636363637}","{'Mn': 58.82352941176471, 'Sb': 41.17647058823529}",Hexagonal,P6m2,-0.367431640625,-0.66629239
mp-13138_H_1_211,mp-13138,Cu6Sn2,211,False,"{'Cu': 75.0, 'Sn': 25.0}","{'Cu': 71.42857142857143, 'Sn': 28.57142857142857}",Hexagonal,P63mmc,-0.21435546875,-0.19784208
mp-581786_H_1_211,mp-581786,Cu6Sn2,211,False,"{'Cu': 75.0, 'Sn': 25.0}","{'Cu': 71.42857142857143, 'Sn': 28.57142857142857}",Orthorhombic,Pmmn,-0.123046875,-0.09829517
mp-581786_H_6_211,mp-581786,Cu6Sn2,211,False,"{'Cu': 75.0, 'Sn': 25.0}","{'Cu': 75.0, 'Sn': 25.0}",Orthorhombic,Pmmn,-0.142578125,-0.09755003
mp-2845_H_1_211,mp-2845,Sb2Pt2,211,False,"{'Pt': 50.0, 'Sb': 50.0}","{'Pt': 30.0, 'Sb': 70.0}",Hexagonal,P63mmc,-0.285400390625,-0.2180178
mp-1072181_H_1_221,mp-1072181,Fe2Sb4,221,False,"{'Fe': 33.33333333333333, 'Sb': 66.66666666666666}","{'Fe': 26.666666666666668, 'Sb': 73.33333333333333}",Tetragonal,I4mcm,-0.21435546875,-0.25177728
mp-1187108_H_1_221,mp-1187108,Sn6Ru2,221,False,"{'Ru': 25.0, 'Sn': 75.0}","{'Ru': 25.0, 'Sn': 75.0}",Hexagonal,P63mmc,-0.23681640625,-0.03897935
mp-1072181_H_0_221,mp-1072181,Fe2Sb4,221,False,"{'Fe': 33.33333333333333, 'Sb': 66.66666666666666}","{'Fe': 28.57142857142857, 'Sb': 71.42857142857143}",Tetragonal,I4mcm,-0.20068359375,-0.27172777
mp-22752_H_2_221,mp-22752,Fe2Sn4,221,False,"{'Fe': 33.33333333333333, 'Sn': 66.66666666666666}","{'Fe': 40.0, 'Sn': 60.0}",Tetragonal,I4mcm,-0.38720703125,-0.36854979
mp-20714_H_1_221,mp-20714,Fe2Sb4,221,False,"{'Fe': 33.33333333333333, 'Sb': 66.66666666666666}","{'Fe': 33.33333333333333, 'Sb': 66.66666666666666}",Orthorhombic,Pnnm,-0.362060546875,-0.37241519
mp-973354_H_0_221,mp-973354,SbPt3,221,False,"{'Pt': 75.0, 'Sb': 25.0}","{'Pt': 75.0, 'Sb': 25.0}",Tetragonal,I4mmm,-0.282470703125,0.2769677
mp-1225226_H_2_221,mp-1225226,,221,False,"{'Fe': 80.0, 'Mo': 20.0}","{'Fe': 82.6086956521739, 'Mo': 17.391304347826086}",,,-0.11474609375,-0.60226493
mp-20155_H_2_221,mp-20155,Co2Sn4,221,False,"{'Co': 33.33333333333333, 'Sn': 66.66666666666666}","{'Co': 23.076923076923077, 'Sn': 76.92307692307693}",Tetragonal,I4mcm,-0.24951171875,-0.23188986
mp-1225226_H_3_221,mp-1225226,,221,False,"{'Fe': 80.0, 'Mo': 20.0}","{'Fe': 78.26086956521739, 'Mo': 21.73913043478261}",,,-0.29296875,-0.7726536
mp-810_H_0_221,mp-810,Ni2Sb2,221,False,"{'Ni': 50.0, 'Sb': 50.0}","{'Ni': 38.46153846153847, 'Sb': 61.53846153846154}",Hexagonal,P63mmc,-0.2294921875,-0.20842743
mp-838_H_1_221,mp-838,Cu3Sn,221,False,"{'Cu': 75.0, 'Sn': 25.0}","{'Cu': 80.0, 'Sn': 20.0}",Cubic,Fm3m,-0.298095703125,-0.23124719
mp-810_H_1_221,mp-810,Ni2Sb2,221,False,"{'Ni': 50.0, 'Sb': 50.0}","{'Ni': 33.33333333333333, 'Sb': 66.66666666666666}",Hexagonal,P63mmc,-0.20166015625,-0.20083793
mp-11552_H_0_221,mp-11552,TiPt,221,False,"{'Pt': 50.0, 'Ti': 50.0}","{'Pt': 60.0, 'Ti': 40.0}",Cubic,Pm3m,-0.389892578125,-0.43739194
mp-581786_H_3_221,mp-581786,Cu6Sn2,221,False,"{'Cu': 75.0, 'Sn': 25.0}","{'Cu': 77.77777777777779, 'Sn': 22.22222222222222}",Orthorhombic,Pmmn,-0.19140625,-0.20460772
mp-1006883_H_0_221,mp-1006883,CoNi,221,False,"{'Co': 50.0, 'Ni': 50.0}","{'Co': 60.0, 'Ni': 40.0}",Cubic,Pm3m,-0.38330078125,-0.48218108
mp-581786_H_5_221,mp-581786,Cu6Sn2,221,False,"{'Cu': 75.0, 'Sn': 25.0}","{'Cu': 78.94736842105263, 'Sn': 21.052631578947366}",Orthorhombic,Pmmn,-0.2490234375,-0.21926793
mp-581786_H_2_221,mp-581786,Cu6Sn2,221,False,"{'Cu': 75.0, 'Sn': 25.0}","{'Cu': 75.0, 'Sn': 25.0}",Orthorhombic,Pmmn,-0.23046875,-0.1859652
mp-11552_H_1_221,mp-11552,TiPt,221,False,"{'Pt': 50.0, 'Ti': 50.0}","{'Pt': 40.0, 'Ti': 60.0}",Cubic,Pm3m,-0.381103515625,-0.302887
mp-1184260_H_1_221,mp-1184260,Fe3Cu,221,False,"{'Cu': 25.0, 'Fe': 75.0}","{'Cu': 20.0, 'Fe': 80.0}",Cubic,Fm3m,-0.16357421875,-0.58965225
mp-1207123_H_1_221,mp-1207123,Nb2Sb2,221,False,"{'Nb': 50.0, 'Sb': 50.0}","{'Nb': 50.0, 'Sb': 50.0}",Hexagonal,P63mmc,-0.12353515625,-0.17230798
mp-22752_H_0_221,mp-22752,Fe2Sn4,221,False,"{'Fe': 33.33333333333333, 'Sn': 66.66666666666666}","{'Fe': 28.57142857142857, 'Sn': 71.42857142857143}",Tetragonal,I4mcm,-0.2314453125,-0.2481919
mp-20714_H_3_221,mp-20714,Fe2Sb4,221,False,"{'Fe': 33.33333333333333, 'Sb': 66.66666666666666}","{'Fe': 33.33333333333333, 'Sb': 66.66666666666666}",Orthorhombic,Pnnm,-0.2705078125,-0.25903686
mp-19856_H_1_221,mp-19856,Sn2Pt2,221,False,"{'Pt': 50.0, 'Sn': 50.0}","{'Pt': 33.33333333333333, 'Sn': 66.66666666666666}",Hexagonal,P63mmc,-0.13671875,-0.13414154
mp-20714_H_2_221,mp-20714,Fe2Sb4,221,False,"{'Fe': 33.33333333333333, 'Sb': 66.66666666666666}","{'Fe': 33.33333333333333, 'Sb': 66.66666666666666}",Orthorhombic,Pnnm,-0.16357421875,-0.12127957
mp-22752_H_1_221,mp-22752,Fe2Sn4,221,False,"{'Fe': 33.33333333333333, 'Sn': 66.66666666666666}","{'Fe': 26.666666666666668, 'Sn': 73.33333333333333}",Tetragonal,I4mcm,-0.271240234375,-0.36636828
mp-19856_H_0_221,mp-19856,Sn2Pt2,221,False,"{'Pt': 50.0, 'Sn': 50.0}","{'Pt': 38.46153846153847, 'Sn': 61.53846153846154}",Hexagonal,P63mmc,-0.322021484375,-0.24380349
mp-20155_H_1_221,mp-20155,Co2Sn4,221,False,"{'Co': 33.33333333333333, 'Sn': 66.66666666666666}","{'Co': 16.666666666666664, 'Sn': 83.33333333333334}",Tetragonal,I4mcm,-0.13671875,-0.08538884
mp-1217161_H_3_221,mp-1217161,Ti4Fe,221,False,"{'Fe': 20.0, 'Ti': 80.0}","{'Fe': 25.0, 'Ti': 75.0}",Orthorhombic,Fmmm,-0.331787109375,7.31321943
mp-1009206_H_1_221,mp-1009206,MnSn,221,False,"{'Mn': 50.0, 'Sn': 50.0}","{'Mn': 40.0, 'Sn': 60.0}",Cubic,Pm3m,-0.277587890625,-0.24086342
mp-20155_H_0_221,mp-20155,Co2Sn4,221,False,"{'Co': 33.33333333333333, 'Sn': 66.66666666666666}","{'Co': 17.391304347826086, 'Sn': 82.6086956521739}",Tetragonal,I4mcm,-0.12890625,-0.14195085
mp-1009207_H_1_221,mp-1009207,MnSb,221,False,"{'Mn': 50.0, 'Sb': 50.0}","{'Mn': 40.0, 'Sb': 60.0}",Cubic,Pm3m,-0.18505859375,-0.18518717
mp-649_H_0_221,mp-649,FePt3,221,False,"{'Fe': 25.0, 'Pt': 75.0}","{'Fe': 25.0, 'Pt': 75.0}",Cubic,Pm3m,-0.3427734375,-0.3344136
mp-20086_H_1_221,mp-20086,Mn2Sn4,221,False,"{'Mn': 33.33333333333333, 'Sn': 66.66666666666666}","{'Mn': 26.666666666666668, 'Sn': 73.33333333333333}",Tetragonal,I4mcm,-0.21484375,-0.14087315
mp-1217110_H_3_221,mp-1217110,Ti4Ru,221,False,"{'Ru': 20.0, 'Ti': 80.0}","{'Ru': 27.27272727272727, 'Ti': 72.72727272727273}",Orthorhombic,Fmmm,-0.26318359375,2.94732925
mp-13100_H_0_221,mp-13100,MoPt3,221,False,"{'Mo': 25.0, 'Pt': 75.0}","{'Mo': 25.0, 'Pt': 75.0}",Cubic,Pm3m,-0.292236328125,-0.29848457
mp-20086_H_0_221,mp-20086,Mn2Sn4,221,False,"{'Mn': 33.33333333333333, 'Sn': 66.66666666666666}","{'Mn': 28.57142857142857, 'Sn': 71.42857142857143}",Tetragonal,I4mcm,-0.2060546875,-0.13647218
mp-2845_H_0_221,mp-2845,Sb2Pt2,221,False,"{'Pt': 50.0, 'Sb': 50.0}","{'Pt': 38.46153846153847, 'Sb': 61.53846153846154}",Hexagonal,P63mmc,-0.13623046875,-0.11165948
mp-1221433_H_1_221,mp-1221433,MoPt,221,False,"{'Mo': 50.0, 'Pt': 50.0}","{'Mo': 50.0, 'Pt': 50.0}",Hexagonal,P6m2,-0.365234375,-0.44979513
mp-581786_H_0_221,mp-581786,Cu6Sn2,221,False,"{'Cu': 75.0, 'Sn': 25.0}","{'Cu': 78.94736842105263, 'Sn': 21.052631578947366}",Orthorhombic,Pmmn,-0.2548828125,-0.22011395
mp-13138_H_0_221,mp-13138,Cu6Sn2,221,False,"{'Cu': 75.0, 'Sn': 25.0}","{'Cu': 70.58823529411765, 'Sn': 29.411764705882355}",Hexagonal,P63mmc,-0.26025390625,-0.27076063
mp-581786_H_1_221,mp-581786,Cu6Sn2,221,False,"{'Cu': 75.0, 'Sn': 25.0}","{'Cu': 73.68421052631578, 'Sn': 26.31578947368421}",Orthorhombic,Pmmn,-0.154296875,-0.12338377
