symbol,Ametal,Bmetal,Surface,Crystal System,DFT_ads_E,surface_energy,Cost,activity_score,stability_score,cost_score,asci_score,asci_rank,key,AandB,experimentally_observed,distance_from_optimal
CoMo3,Co,Mo,100,Cubic,-0.37133341,2.442219247806758,54.880775,0.32444393333333355,0.19975615791455872,0.7148283003498742,0.4160276522307617,266,mp-1183707_H_1_100,Co-Mo,False,0.10133340999999996
Sn2Ir,Ir,Sn,100,Cubic,-0.27765255,1.090650622180931,45567.318033333315,0.9489830000000001,0.7005052755439309,0.08097510632398343,0.5718626670796516,159,mp-2083_H_1_100,Ir-Sn,True,0.00765254999999998
Cu3Sn,Cu,Sn,100,Cubic,-0.20635316,0.8615917677481899,15.4369325,0.5756877333333332,0.7853703849195492,0.834436380594267,0.732857548425502,61,mp-838_H_0_100,Cu-Sn,True,0.06364684000000001
Sn14Ir6,Ir,Sn,100,Cubic,-0.34021083,0.8829991862246664,41013.650435,0.5319278,0.7774390481678881,0.09090338607182458,0.4629982111598234,228,mp-22040_H_0_100,Ir-Sn,True,0.07021083
Sn14Ir6,Ir,Sn,100,Cubic,-0.19969945,0.9679935106624536,41013.650435,0.5313296666666665,0.7459490948212577,0.09090338607182458,0.4524091425554353,241,mp-22040_H_2_100,Ir-Sn,True,0.07030055000000002
Sn14Ru6,Ru,Sn,100,Cubic,-0.38301888,1.1481284620624874,6097.940435,0.2465408,0.6792100360287309,0.27063173504072957,0.3975125658033293,277,mp-22344_H_0_100,Ru-Sn,True,0.11301887999999999
Sn14Ru6,Ru,Sn,100,Cubic,-0.17173688,1.1995105483081083,6097.940435,0.34491253333333327,0.6601732414023853,0.27063173504072957,0.42369309557663526,258,mp-22344_H_2_100,Ru-Sn,True,0.09826312000000001
NbCo,Co,Nb,100,Cubic,-0.38665545,2.146260779717409,57.05493,0.22229699999999997,0.3094072247866234,0.7111646781439834,0.41725838474854005,265,mp-1009264_H_1_100,Co-Nb,False,0.11665545
TaCo,Co,Ta,100,Cubic,-0.34627902,2.4163162481111606,192.17493,0.49147320000000017,0.2093530840310689,0.5966495294502467,0.4341335137433367,251,mp-1009826_H_1_100,Co-Ta,False,0.07627901999999998
Fe3Pt,Fe,Pt,100,Cubic,-0.27941948,2.6965973883741574,7676.8700375,0.9372034666666668,0.10551038524848774,0.24891851278679034,0.42872786547950975,255,mp-1066232_H_0_100,Fe-Pt,False,0.00941947999999998
TiIr3,Ir,Ti,100,Cubic,-0.39861359,2.756094099187406,102482.21043,0.14257606666666667,0.08346716459604854,0.004546418547097026,0.07614004862270901,360,mp-1089_H_1_100,Ir-Ti,True,0.12861359
MnNi3,Mn,Ni,100,Cubic,-0.38129825,2.1346450520353595,11.82464,0.25801166666666675,0.31371079123314116,0.8595741921959597,0.4809236364535629,214,mp-11501_H_1_100,Mn-Ni,True,0.11129824999999999
NbRu,Nb,Ru,100,Cubic,-0.34538455,2.145835445975428,10167.69,0.49743633333333337,0.3095648087168485,0.22242037491216682,0.3419333043466967,303,mp-11516_H_1_100,Nb-Ru,True,0.07538455
TiPt,Pt,Ti,100,Cubic,-0.20238985,1.809788504331208,15357.00586,0.5492656666666667,0.4340684456908679,0.1835358059379688,0.3869024310968958,287,mp-11552_H_0_100,Pt-Ti,True,0.06761015000000001
MnPt3,Mn,Pt,100,Cubic,-0.32307272,1.9335226064480648,23030.4009125,0.6461818666666669,0.3882256070211045,0.14532201786868063,0.3907639523923159,281,mp-1180_H_1_100,Mn-Pt,True,0.05307271999999996
Mo3Pt,Mo,Pt,100,Cubic,-0.23771054,2.595345066465862,7723.25081,0.7847369333333332,0.14302384175538696,0.24835051145008105,0.39060022967230523,282,mp-1186016_H_0_100,Mo-Pt,False,0.03228946000000002
Ta3Pt,Pt,Ta,100,Cubic,-0.32905461,2.352939883712662,7939.7825,0.6063025999999999,0.23283369607650686,0.24574311266703028,0.3604676360120376,298,mp-1187219_H_0_100,Pt-Ta,False,0.05905461000000001
Cu3Pt,Cu,Pt,100,Cubic,-0.32055171,1.3821057275347777,7684.57142,0.6629886000000002,0.5925226810478978,0.24882396073538138,0.4989188693958361,204,mp-12086_H_0_100,Cu-Pt,True,0.05055170999999997
TiPt3,Pt,Ti,100,Cubic,-0.29163777,1.927651718939245,23032.092930000003,0.8557482,0.39040074018415905,0.14531509012837532,0.4606362809044201,233,mp-12107_H_1_100,Pt-Ti,True,0.02163777
TaRu,Ru,Ta,100,Cubic,-0.35850971,2.377702033853564,10302.81,0.4099352666666669,0.22365944876226385,0.22117548287473543,0.2842859202689572,332,mp-12110_H_0_100,Ru-Ta,True,0.08850970999999996
Ni3Pt,Ni,Pt,100,Cubic,-0.33111648,1.89303346322706,7688.6037275,0.5925568000000001,0.40322662314198354,0.24877449274426647,0.4131918571699052,268,mp-12798_H_0_100,Ni-Pt,True,0.06111647999999997
MoPt3,Mo,Pt,100,Cubic,-0.39789418,1.861274789484084,23045.870270000003,0.14737213333333354,0.41499304591353214,0.14525869958087229,0.23496846700896226,351,mp-13100_H_0_100,Mo-Pt,False,0.12789417999999997
MoPt3,Mo,Pt,100,Cubic,-0.26269755,1.7124544320850417,23045.870270000003,0.9513169999999999,0.4701302111598414,0.14525869958087229,0.5184655375402442,195,mp-13100_H_1_100,Mo-Pt,False,0.007302450000000016
Fe3Pt,Fe,Pt,100,Cubic,-0.27814426,2.695260396495425,7676.8700375,0.9457049333333336,0.10600573375751578,0.24891851278679034,0.43169681448748903,254,mp-1649_H_0_100,Fe-Pt,True,0.008144259999999959
TiNi,Ni,Ti,100,Cubic,-0.33297904,1.96231125226382,11.288345,0.5801397333333334,0.3775595640865041,0.8639510240655848,0.6097841163308453,131,mp-571_H_0_100,Ni-Ti,True,0.06297903999999999
TiRu,Ru,Ti,100,Cubic,-0.39741606,2.73572470658859,10130.90086,0.15055960000000002,0.09101391818081771,0.222762187786972,0.15545840484724033,359,mp-592_H_1_100,Ru-Ti,True,0.12741606
FePt3,Fe,Pt,100,Cubic,-0.36084181,1.9011005620865653,23030.4100125,0.39438793333333355,0.40023780514256035,0.1453219806085813,0.31163596710396263,317,mp-649_H_1_100,Fe-Pt,True,0.09084180999999997
TiCo,Co,Ti,100,Cubic,-0.35709993,2.2365605537920934,20.26579,0.4193338,0.2759516300556549,0.8087710612935014,0.5044263527581566,201,mp-823_H_1_100,Co-Ti,True,0.08709992999999999
TiCo,Co,Ti,100,Cubic,-0.35871451,2.2355215337759025,20.26579,0.40856993333333347,0.27633658154568075,0.8087710612935014,0.5010013107498652,203,mp-990532_H_0_100,Co-Ti,False,0.08871450999999997
Cu2Sn2,Cu,Sn,100,Hexagonal,-0.29390235,0.8171087527690792,20.505305,0.8406510000000003,0.8018511096699996,0.8076631128972036,0.8166311545761493,20,mp-10598_H_0_100,Cu-Sn,True,0.02390234999999996
Co6Sn2,Co,Sn,100,Hexagonal,-0.22585457,2.2004814296987063,32.935407500000004,0.7056971333333333,0.28931875711976435,0.7629784462284622,0.5877679155671994,146,mp-1183774_H_3_100,Co-Sn,False,0.04414543000000001
Mn6Pt2,Mn,Pt,100,Hexagonal,-0.37636634,2.275637112832274,7676.8427375,0.29089106666666664,0.2614739689969706,0.2489188481253007,0.2669128701316026,336,mp-1185931_H_3_100,Mn-Pt,False,0.10636634
Ta2Ru6,Ru,Ta,100,Hexagonal,-0.37557073,2.970220528602795,15278.89,0.29619513333333325,0.004134440709212477,0.1840166937506717,0.16167443530926845,357,mp-1187258_H_1_100,Ru-Ta,False,0.10557073
Sn2Pt2,Pt,Sn,100,Hexagonal,-0.14355949,0.7506706664961562,15368.911025,0.1570632666666666,0.8264660736809804,0.1834627316175931,0.38694201106470516,286,mp-19856_H_1_100,Pt-Sn,True,0.12644051
Ni6Sn2,Ni,Sn,100,Hexagonal,-0.22328486,1.9449572918011293,19.46924,0.6885657333333333,0.38398911581203604,0.8125522807012647,0.6302108756564019,124,mp-20112_H_3_100,Ni-Sn,True,0.046715140000000016
Sb2Pt2,Pt,Sb,100,Hexagonal,-0.30651917,0.8534559656840525,15368.220765,0.7565388666666667,0.7883846570975066,0.18346696691159967,0.5722035315921211,158,mp-2845_H_0_100,Pt-Sb,True,0.03651916999999999
Sn6Pt4,Pt,Sn,100,Hexagonal,-0.3247502,0.7163109606910282,12301.25723,0.6349986666666668,0.8391961652484402,0.20445781490354423,0.5559999515991905,172,mp-30846_H_2_100,Pt-Sn,True,0.05475019999999997
Ni2Sb2,Ni,Sb,100,Hexagonal,-0.14393206,0.6964223980014687,22.50325,0.15954706666666651,0.8465647738628209,0.7988956169806442,0.6036414171481499,135,mp-810_H_1_100,Ni-Sb,True,0.12606794000000002
Mn2Cu6,Cu,Mn,100,Hexagonal,-0.32560295,1.9199181288229463,7.7923325,0.6293136666666668,0.3932659949358744,0.8989008810187524,0.6430775878752144,116,mp-974747_H_1_100,Cu-Mn,False,0.055602949999999984
Co3Sn2,Co,Sn,100,Hexagonal,-0.28163444,1.7920129708617742,32.476736,0.9224370666666669,0.4406541880138586,0.7643009127559626,0.7096824243816007,80,mp-1226032_H_1_100,Co-Sn,False,0.011634439999999968
IrRu,Ir,Ru,100,Hexagonal,-0.33531817,2.5322759077042902,78447.82,0.5645455333333332,0.16639063571663354,0.029748180825719728,0.2513233172672338,344,mp-974421_H_1_100,Ir-Ru,False,0.06531817000000001
CoNi,Co,Ni,100,Orthorhombic,-0.39211611,2.143528074158025,24.722415,0.18589259999999996,0.3104196779256336,0.7900268004137951,0.4323921638561495,253,mp-1226063_H_0_100,Co-Ni,False,0.12211611
Nb2Pt6,Nb,Pt,100,Orthorhombic,-0.31436257,1.6280404833907771,23050.487500000003,0.7042495333333334,0.5014051383243362,0.14523980883549717,0.44724757665110004,244,mp-1078699_H_0_100,Nb-Pt,True,0.04436256999999999
Nb2Pt6,Nb,Pt,110,Orthorhombic,-0.35116474,1.9986158948892767,23050.487500000003,0.4589017333333336,0.36410888358396626,0.14523980883549717,0.320975038586778,312,mp-1078699_H_1_110,Nb-Pt,True,0.08116473999999996
Nb2Pt6,Nb,Pt,110,Orthorhombic,-0.2849613,1.9569727154071812,23050.487500000003,0.9002580000000003,0.37953746411296846,0.14523980883549717,0.4717140381613488,221,mp-1078699_H_2_110,Nb-Pt,True,0.014961299999999955
Nb2Pt6,Nb,Pt,110,Orthorhombic,-0.35113592,2.042497479717813,23050.487500000003,0.45909386666666685,0.3478509855635136,0.14523980883549717,0.31567333624002863,314,mp-1078699_H_3_110,Nb-Pt,True,0.08113591999999997
Cu6Sb2,Cu,Sb,100,Orthorhombic,-0.1048023,0.5415409461083017,15.0918025,0.0,0.9039475429669408,0.836568574024049,0.5827360043472671,152,mp-20900_H_0_100,Cu-Sb,True,0.1651977
Cu6Sb2,Cu,Sb,110,Orthorhombic,-0.1532802,0.648619652965816,15.0918025,0.22186799999999984,0.8642754412629177,0.836568574024049,0.6428606507849395,117,mp-20900_H_1_110,Cu-Sb,True,0.11671980000000001
Ta2Pt6,Pt,Ta,100,Orthorhombic,-0.26997311,1.698590190330399,23118.0475,0.9998207333333333,0.4752668403280591,0.14496382855438605,0.5360666010167507,182,mp-30850_H_0_100,Pt-Ta,True,2.6890000000001635e-05
Cu6Sn2,Cu,Sn,110,Orthorhombic,-0.2109471,0.8580973747980352,15.4369325,0.6063139999999998,0.7866650392591541,0.834436380594267,0.7433914523575716,58,mp-581786_H_3_110,Cu-Sn,True,0.05905290000000002
Fe2Sb4,Fe,Sb,100,Orthorhombic,-0.20824487,0.9396768463230044,19.54103666666666,0.5882991333333332,0.7564402710836695,0.812205176446521,0.7199137634494281,70,mp-1077083_H_0_100,Fe-Sb,False,0.06175513000000002
Fe2Sb4,Fe,Sb,100,Orthorhombic,-0.20475903,0.906202342421342,19.54103666666666,0.5650601999999999,0.768842399968599,0.812205176446521,0.7163376179814549,76,mp-20714_H_0_100,Fe-Sb,True,0.06524097000000001
Sb4Ru2,Ru,Sb,100,Orthorhombic,-0.26393799,1.024322652001725,6771.164353333331,0.9595866,0.725079442117238,0.2607566228148127,0.6445970456557248,115,mp-20928_H_0_100,Ru-Sb,True,0.0060620100000000066
Co2Sb4,Co,Sb,100,Orthorhombic,-0.15776412,0.9119198311515486,30.74097333333332,0.2517607999999999,0.7667241002519412,0.7694804976404697,0.5977233862809003,138,mp-9835_H_0_100,Co-Sb,True,0.11223588000000001
Fe2Sn4,Fe,Sn,100,Tetragonal,-0.31686914,0.8575194055404274,20.461383333333327,0.6875390666666668,0.7868791738508253,0.8078653134394425,0.7612322259401828,52,mp-22752_H_1_100,Fe-Sn,True,0.046869139999999976
Ti2Sb4,Sb,Ti,100,Tetragonal,-0.3019885,0.9867635199159842,21.78492666666666,0.7867433333333335,0.738994904413613,0.8019547929262757,0.7761582480514262,43,mp-568_H_1_100,Sb-Ti,True,0.031988499999999975
Ni3Pt,Ni,Pt,100,Tetragonal,-0.36931035,1.8526776829256129,7688.6037275,0.337931,0.4181782289976147,0.24877449274426647,0.33409937310226345,306,mp-1100766_H_0_100,Ni-Pt,False,0.09931034999999999
Fe3Pt,Fe,Pt,100,Tetragonal,-0.26954173,2.663765673345881,7676.8700375,0.9969448666666664,0.11767436421260129,0.24891851278679034,0.4524566405376671,240,mp-11798_H_1_100,Fe-Pt,False,0.00045827000000003837
TaRu,Ru,Ta,100,Tetragonal,-0.25264121,2.530569546455202,10302.81,0.8842747333333333,0.16702283364845688,0.22117548287473543,0.4221278612814008,259,mp-1601_H_0_100,Ru-Ta,True,0.017358790000000013
FePt,Fe,Pt,100,Tetragonal,-0.30567033,2.178740164130871,15353.640025,0.7621978000000001,0.29737378247535684,0.18355647582339396,0.4120678239968218,271,mp-2260_H_0_100,Fe-Pt,True,0.03567032999999997
NbRu,Nb,Ru,100,Tetragonal,-0.28273169,2.2543924489357083,10167.69,0.915122066666667,0.2693450060267122,0.22242037491216682,0.46649706145895187,224,mp-432_H_1_100,Nb-Ru,True,0.012731689999999962
Ni2Pt2,Ni,Pt,100,Tetragonal,-0.32059529,1.865157426334595,15361.462485,0.6626980666666669,0.41355454923633356,0.18350844438561287,0.4175562343390985,264,mp-568067_H_0_100,Ni-Pt,False,0.05059528999999996
Co2Pt2,Co,Pt,100,Tetragonal,-0.30944676,2.0118052569286284,15370.43993,0.7370216000000002,0.35922229382590526,0.18345335124684592,0.4241346243864764,257,mp-949_H_0_100,Co-Pt,True,0.03944675999999997
SbPt7,Pt,Sb,110,Cubic,-0.39921677,1.3483806403498566,26872.44019125,0.13855486666666672,0.605017649730678,0.13077308858511968,0.28984178053006443,328,mp-1030_H_0_110,Pt-Sb,True,0.12921676999999998
Sn2Ir,Ir,Sn,110,Cubic,-0.19676806,0.7842023761615246,45567.318033333315,0.5117870666666665,0.8140427503593378,0.08097510632398343,0.4650553757687358,226,mp-2083_H_0_110,Ir-Sn,True,0.07323194000000002
Sb14Mo6,Mo,Sb,110,Cubic,-0.29837413,0.9828701575026084,39.065394999999995,0.8108391333333334,0.740437374855842,0.7468827755630999,0.7658613913938819,49,mp-1521_H_3_110,Mo-Sb,True,0.028374129999999997
Sb14Mo6,Mo,Sb,110,Cubic,-0.12648836,0.9731286932231992,39.065394999999995,0.0432557333333331,0.7440465364994644,0.7468827755630999,0.5137498927362771,196,mp-1521_H_4_110,Mo-Sb,True,0.14351164000000002
Sn14Ir6,Ir,Sn,110,Cubic,-0.2352282,0.7591149670642374,41013.650435,0.7681879999999999,0.8233375044183533,0.09090338607182458,0.5561105677224769,171,mp-22040_H_2_110,Ir-Sn,True,0.03477180000000002
Sn14Ru6,Ru,Sn,110,Cubic,-0.11077339,1.0453663103869826,6097.940435,0.0,0.7172828765797445,0.27063173504072957,0.3287181391851638,310,mp-22344_H_1_110,Ru-Sn,True,0.15922661000000002
Sn14Ru6,Ru,Sn,110,Cubic,-0.13546557,0.9787313332464082,6097.940435,0.10310379999999986,0.741970787628986,0.27063173504072957,0.37088940383141344,295,mp-22344_H_3_110,Ru-Sn,True,0.13453443
FeCo3,Co,Fe,110,Cubic,-0.362877,2.759350600655831,25.2999075,0.38082000000000005,0.08226064780810707,0.7878494115992165,0.420685413720409,261,mp-1007852_H_0_110,Co-Fe,False,0.09287699999999999
Co3Ni,Co,Ni,110,Cubic,-0.38720533,2.46885292939354,29.2111375,0.21863113333333328,0.18988851797313339,0.7742940847604525,0.3980714737496878,276,mp-1008349_H_0_110,Co-Ni,False,0.11720533
Co3Ni,Co,Ni,110,Cubic,-0.39778855,2.4426493421186684,29.2111375,0.14807633333333325,0.1995968102180355,0.7742940847604525,0.37799212619050554,291,mp-1008349_H_1_110,Co-Ni,False,0.12778855
NbCo3,Co,Nb,110,Cubic,-0.34482751,2.659785529234151,45.377395,0.5011499333333334,0.11914898682087889,0.7327590446643586,0.453836718836772,239,mp-1018021_H_0_110,Co-Nb,False,0.07482750999999999
FeIr3,Fe,Ir,110,Cubic,-0.33520887,2.665792898942424,102480.5275125,0.5652742000000002,0.11692328771566451,0.004547967085957299,0.22667147975539484,352,mp-10596_H_0_110,Fe-Ir,True,0.06520886999999997
TaCo3,Co,Ta,110,Cubic,-0.35630667,2.80769510006762,112.937395,0.42462220000000017,0.06434926324080283,0.6467759431187567,0.38126440352984226,289,mp-11358_H_0_110,Co-Ta,True,0.08630666999999997
MnPt3,Mn,Pt,110,Cubic,-0.25675615,1.9167794334098205,23030.4009125,0.9117076666666667,0.3944288651955346,0.14532201786868063,0.48043454158987786,215,mp-1180_H_0_110,Mn-Pt,True,0.013243850000000001
MnPt3,Mn,Pt,110,Cubic,-0.38338236,1.9895243369505071,23030.4009125,0.24411760000000027,0.3674772583223242,0.14532201786868063,0.2512357893217185,345,mp-1180_H_1_110,Mn-Pt,True,0.11338235999999996
Cu3Sb,Cu,Sb,110,Cubic,-0.18109585,0.598596729703373,15.0918025,0.40730566666666657,0.8828086731018202,0.836568574024049,0.7101710472917774,79,mp-1183969_H_1_110,Cu-Sb,False,0.08890415000000002
Mo3Pt,Mo,Pt,110,Cubic,-0.32223138,2.631289950595649,7723.25081,0.6517908,0.12970644989676308,0.24835051145008105,0.34233326635895944,302,mp-1186016_H_0_110,Mo-Pt,False,0.052231379999999994
Cu3Pt,Cu,Pt,110,Cubic,-0.33837422,1.412648496544035,7684.57142,0.5441718666666667,0.5812067446304914,0.24882396073538138,0.45597508837809186,238,mp-12086_H_0_110,Cu-Pt,True,0.06837421999999999
TiPt3,Pt,Ti,110,Cubic,-0.17746719,1.9892042648443984,23032.092930000003,0.38311459999999986,0.36759584336615614,0.14531509012837532,0.2971415769544791,325,mp-12107_H_0_110,Pt-Ti,True,0.09253281000000002
Ni3Pt,Ni,Pt,110,Cubic,-0.38265782,1.9777192353496904,7688.6037275,0.2489478666666669,0.3718509868167962,0.24877449274426647,0.28944694918259345,329,mp-12798_H_0_110,Ni-Pt,True,0.11265781999999996
MoPt3,Mo,Pt,110,Cubic,-0.38821362,1.8475690049706333,23045.870270000003,0.21190920000000024,0.4200709675013841,0.14525869958087229,0.25794141313295343,340,mp-13100_H_0_110,Mo-Pt,False,0.11821361999999996
NbIr3,Ir,Nb,110,Cubic,-0.29656967,2.870033606628823,102500.605,0.8228688666666667,0.041253172104179135,0.004529494415912117,0.28670030089578924,330,mp-1339_H_0_110,Ir-Nb,True,0.02656966999999999
Fe3Pt,Fe,Pt,110,Cubic,-0.29594434,2.741016852683747,7676.8700375,0.8270377333333336,0.08905320568922048,0.24891851278679034,0.38694230422495157,285,mp-1649_H_0_110,Fe-Pt,True,0.025944339999999955
SnPt3,Pt,Sn,110,Cubic,-0.1106465,1.3798659673609843,23038.0455125,0.0,0.5933525004958071,0.1452907221161408,0.2452051706831042,348,mp-20971_H_0_110,Pt-Sn,True,0.15935350000000004
TaIr3,Ir,Ta,110,Cubic,-0.27636881,2.981379770127845,102568.165,0.9575412666666666,0.0,0.004467361129434395,0.3175075207840077,313,mp-265_H_0_110,Ir-Ta,True,0.0063688100000000025
FePt3,Fe,Pt,110,Cubic,-0.29361635,1.8796612572856632,23030.4100125,0.8425576666666665,0.40818095561090434,0.1453219806085813,0.46215321875851606,231,mp-649_H_0_110,Fe-Pt,True,0.023616350000000008
CoPt3,Co,Pt,110,Cubic,-0.33814362,1.8217212975837789,23038.809965,0.5457092000000002,0.4296474081062526,0.1452875931427628,0.3712654623436028,294,mp-922_H_0_110,Co-Pt,True,0.06814361999999996
Ni3Sb,Ni,Sb,110,Cubic,-0.38971604,1.3633372294469126,19.12411,0.20189306666666684,0.599476311576555,0.8142388958887126,0.5412931194224255,181,mp-976847_H_0_110,Ni-Sb,False,0.11971603999999997
MnCo3,Co,Mn,110,Cubic,-0.35129912,2.760451717663064,25.2908075,0.45800586666666665,0.08185268970718317,0.7878833354211845,0.4460336576465732,246,mp-999543_H_0_110,Co-Mn,False,0.08129912
Sn2Mo6,Mo,Sn,110,Cubic,-0.10641572,2.289443157487141,54.1163225,0.0,0.25635890155030266,0.7161510476654304,0.32808979371784625,311,mp-30788_H_0_110,Mo-Sn,True,0.16358428000000003
Mn6Pt2,Mn,Pt,110,Hexagonal,-0.3596025,2.6206120043004866,7676.8427375,0.4026500000000002,0.13366257323672343,0.2489188481253007,0.2616155575307211,339,mp-1185931_H_1_110,Mn-Pt,False,0.08960249999999997
Ti4Pt12,Pt,Ti,110,Hexagonal,-0.38157045,2.02115133092808,23032.092930000003,0.256197,0.355759622216199,0.14531509012837532,0.25135281597499326,343,mp-1189793_H_0_110,Pt-Ti,True,0.11157044999999999
Nb2Sb2,Nb,Sb,110,Hexagonal,-0.10558666,1.2693267902561558,54.835764999999995,0.0,0.6343066883551839,0.714905670088498,0.45238913498730005,242,mp-1207123_H_0_110,Nb-Sb,False,0.16441334000000002
Cu6Sn2,Cu,Sn,110,Hexagonal,-0.20526428,0.8183737217358753,15.4369325,0.5684285333333332,0.8013824452737257,0.834436380594267,0.7357459923423803,60,mp-13138_H_1_110,Cu-Sn,True,0.06473572000000002
Cu6Sn2,Cu,Sn,110,Hexagonal,-0.24812978,0.8360542288747876,15.4369325,0.8541985333333332,0.7948319097099464,0.834436380594267,0.8278884156063331,13,mp-13138_H_2_110,Cu-Sn,True,0.021870220000000024
Sn2Pt2,Pt,Sn,110,Hexagonal,-0.24397403,0.8700026901406995,15368.911025,0.8264935333333332,0.7822541820966639,0.1834627316175931,0.5932640748418808,140,mp-19856_H_0_110,Pt-Sn,True,0.02602597000000001
Sn6Pt4,Pt,Sn,110,Hexagonal,-0.13023442,0.6934930464557473,12301.25723,0.0682294666666664,0.8476500833128439,0.20445781490354423,0.37175590856044344,293,mp-30846_H_0_110,Pt-Sn,True,0.13976558000000003
Ni2Sb2,Ni,Sb,110,Hexagonal,-0.13558148,0.7874967661318009,22.50325,0.10387653333333324,0.8128221960793218,0.7988956169806442,0.5741350904795952,157,mp-810_H_0_110,Ni-Sb,True,0.13441852
Ti2Pt6,Pt,Ti,110,Hexagonal,-0.36266554,2.0169047254976635,23032.092930000003,0.3822297333333333,0.3573329673515351,0.14531509012837532,0.2934628218696542,326,mp-972220_H_0_110,Pt-Ti,False,0.09266553999999999
Ni6Sb2,Ni,Sb,110,Hexagonal,-0.34125687,1.3559026261090326,19.12411,0.5249542000000001,0.6022307932882357,0.8142388958887126,0.6488122723872802,113,mp-976893_H_0_110,Ni-Sb,False,0.07125686999999997
CuNi,Cu,Ni,110,Orthorhombic,-0.39195918,1.7201500738571105,13.056765,0.18693879999999996,0.46727901607148925,0.8502272525561897,0.504969145172696,200,mp-1225695_H_1_110,Cu-Ni,False,0.12195918
Cu3Ni,Cu,Ni,110,Orthorhombic,-0.36906741,1.4674136323920812,11.7126625,0.33955060000000015,0.5609165477934172,0.8604714382366777,0.5897144477722982,143,mp-1225698_H_1_110,Cu-Ni,False,0.09906740999999997
NbPt2,Nb,Pt,110,Orthorhombic,-0.33916334,1.6670693329959625,20498.25666666666,0.5389110666666669,0.48694515336216926,0.15630544728593299,0.39167640468673315,280,mp-11514_H_0_110,Nb-Pt,True,0.06916333999999996
MoPt2,Mo,Pt,110,Orthorhombic,-0.37196734,1.8061976613517865,20492.100359999993,0.3202177333333336,0.43539883426263454,0.15633377247016836,0.3025069499465267,323,mp-952_H_0_110,Mo-Pt,True,0.10196733999999996
Cu6Sb2,Cu,Sb,110,Orthorhombic,-0.31887671,0.609531294945055,15.0918025,0.6741552666666667,0.8787574737822904,0.836568574024049,0.7968945195163325,28,mp-20900_H_0_110,Cu-Sb,True,0.04887670999999999
Ta2Pt6,Pt,Ta,110,Orthorhombic,-0.24481237,2.0630555243327184,23118.0475,0.8320824666666665,0.34023433739196224,0.14496382855438605,0.4361522470478388,250,mp-30850_H_2_110,Pt-Ta,True,0.025187630000000016
Ta2Pt6,Pt,Ta,110,Orthorhombic,-0.33424847,2.179145393589512,23118.0475,0.5716768666666666,0.29722364707712057,0.14496382855438605,0.3360248712439411,305,mp-30850_H_3_110,Pt-Ta,True,0.06424847
Cu6Sn2,Cu,Sn,110,Orthorhombic,-0.20045541,0.8879810439484255,15.4369325,0.5363693999999999,0.7755932958975048,0.834436380594267,0.7166560590482274,75,mp-581786_H_0_110,Cu-Sn,True,0.06954459000000002
Fe2Sb4,Fe,Sb,110,Orthorhombic,-0.1195679,0.6983816804707472,19.54103666666666,0.0,0.845838869939723,0.812205176446521,0.5552765870719258,173,mp-20714_H_1_110,Fe-Sb,True,0.1504321
Sb4Ru2,Ru,Sb,110,Orthorhombic,-0.17453303,0.922146292386843,6771.164353333331,0.3635535333333332,0.7629352497689156,0.2607566228148127,0.4603985501807784,234,mp-20928_H_1_110,Ru-Sb,True,0.09546697000000001
Sb4Ru2,Ru,Sb,110,Orthorhombic,-0.25121898,1.409456594972618,6771.164353333331,0.8747931999999997,0.582389327493945,0.2607566228148127,0.5695274858300381,163,mp-20928_H_2_110,Ru-Sb,True,0.018781020000000037
Co2Sb4,Co,Sb,110,Orthorhombic,-0.31552281,1.2639229535401113,30.74097333333332,0.6965146000000002,0.636308781638549,0.7694804976404697,0.7014550851384809,86,mp-9835_H_0_110,Co-Sb,True,0.04552280999999997
Sb2Pt6,Pt,Sb,110,Tetragonal,-0.22174146,1.1524973366262523,23037.700382500003,0.6782763999999999,0.6775913908180035,0.14529213479853492,0.496835696801443,206,mp-1078755_H_0_110,Pt-Sb,True,0.048258540000000016
Ni3Pt,Ni,Pt,110,Tetragonal,-0.38095698,1.9102285745548917,7688.6037275,0.26028680000000004,0.39685592419137455,0.24877449274426647,0.30144042651620423,324,mp-1100766_H_0_110,Ni-Pt,False,0.11095697999999998
Ni3Pt,Ni,Pt,110,Tetragonal,-0.39483707,1.9565677558079992,7688.6037275,0.16775286666666667,0.37968749952968434,0.24877449274426647,0.26523864837784644,338,mp-1100766_H_1_110,Ni-Pt,False,0.12483707
Co3Cu,Co,Cu,110,Tetragonal,-0.36847611,2.298903014839156,27.867035,0.3434925999999999,0.25285407380267144,0.7787360670290046,0.4615646651447431,232,mp-1183752_H_1_110,Co-Cu,False,0.09847611
CuNi3,Cu,Ni,110,Tetragonal,-0.34027028,1.8874326426512271,14.4008675,0.5315314666666668,0.40530169791671067,0.8409877039347237,0.5950907636503207,139,mp-1184054_H_1_110,Cu-Ni,False,0.07027027999999996
FeIr3,Fe,Ir,110,Tetragonal,-0.33650948,2.6981078987699503,102480.5275125,0.5566034666666666,0.10495074903503758,0.004547967085957299,0.21985919999078787,354,mp-1184336_H_1_110,Fe-Ir,False,0.06650948000000001
Ir3Ru,Ir,Ru,110,Tetragonal,-0.36166308,2.73274798265452,107544.245,0.38891279999999995,0.09211677885333573,0.0,0.15873976102160076,358,mp-974358_H_0_110,Ir-Ru,False,0.09166308000000001
Ir3Ru,Ir,Ru,110,Tetragonal,-0.35795733,2.733477660510741,107544.245,0.4136177999999999,0.09184643701813129,0.0,0.16680319821598333,356,mp-974358_H_1_110,Ir-Ru,False,0.08795733
Fe3Pt,Fe,Pt,110,Tetragonal,-0.29037132,2.710263645076628,7676.8700375,0.8641912000000002,0.10044710850818171,0.24891851278679034,0.4029629361552088,274,mp-11798_H_0_110,Fe-Pt,False,0.02037131999999997
Fe3Pt,Fe,Pt,110,Tetragonal,-0.34356771,2.486728237788535,7676.8700375,0.5095485999999999,0.18326580956126717,0.24891851278679034,0.3132610495027269,315,mp-11798_H_1_110,Fe-Pt,False,0.07356771000000001
MoPt3,Mo,Pt,110,Trigonal,-0.38459495,1.9276094294271944,23045.870270000003,0.2360336666666668,0.3904164082275294,0.14525869958087229,0.25611648257258135,342,mp-1221425_H_0_110,Mo-Pt,False,0.11459494999999997
FeNi3,Fe,Ni,111,Cubic,-0.37972524,2.223405473822476,11.83374,0.2684983999999999,0.2808255184859072,0.8595016500153443,0.4735074541055665,219,mp-1007854_H_0_111,Fe-Ni,False,0.10972524
FeNi3,Fe,Ni,111,Cubic,-0.29806201,2.041815171273916,11.83374,0.8129199333333335,0.34810377727882463,0.8595016500153443,0.6753683855072292,103,mp-1007854_H_1_111,Fe-Ni,False,0.02806200999999997
FeNi3,Fe,Ni,111,Cubic,-0.28407781,2.287886609171274,11.83374,0.9061479333333335,0.25693559457272086,0.8595016500153443,0.6760481252142151,101,mp-1007854_H_2_111,Fe-Ni,False,0.014077809999999968
FeNi3,Fe,Ni,111,Cubic,-0.35319052,2.0633996226095124,11.83374,0.4453965333333334,0.34010685077736097,0.8595016500153443,0.5514466777617462,175,mp-1007854_H_3_111,Fe-Ni,False,0.08319051999999999
SbPt7,Pt,Sb,111,Cubic,-0.37849367,1.0038004518986072,26872.44019125,0.2767088666666667,0.7326828100843593,0.13077308858511968,0.3775621034467793,292,mp-1030_H_0_111,Pt-Sb,True,0.10849366999999999
SbPt7,Pt,Sb,111,Cubic,-0.39838467,1.0129116781829457,26872.44019125,0.14410220000000007,0.7293071483266801,0.13077308858511968,0.33268793506674516,307,mp-1030_H_1_111,Pt-Sb,True,0.12838466999999998
CoMo3,Co,Mo,111,Cubic,-0.31646198,2.551191822734044,54.880775,0.6902534666666669,0.1593823879808476,0.7148283003498742,0.523421454152637,188,mp-1183707_H_2_111,Co-Mo,False,0.04646197999999996
Fe3Cu,Cu,Fe,111,Cubic,-0.28368135,2.1212152458255864,2.6671775,0.9087910000000001,0.31868646430069514,1.0,0.7450675632192295,57,mp-1184260_H_0_111,Cu-Fe,False,0.013681349999999981
Nb3Cu,Cu,Nb,111,Cubic,-0.28948856,1.9868429664227216,62.89964,0.8700762666666667,0.36847069210020894,0.7019681395053402,0.6473896638248847,114,mp-1186214_H_0_111,Cu-Nb,False,0.019488559999999988
Ta3Ir,Ir,Ta,111,Cubic,-0.11180275,2.8686256180069134,34423.155000000006,0.0,0.041774824535795,0.10742215075913097,0.05030922335491689,361,mp-1187196_H_1_111,Ir-Ta,False,0.15819725
Ta3Pt,Pt,Ta,111,Cubic,-0.34697202,2.498027100812773,7939.7825,0.4868532000000001,0.17907963981573727,0.24574311266703028,0.30331049544598365,321,mp-1187204_H_0_111,Pt-Ta,False,0.07697201999999997
Ta3Pt,Pt,Ta,111,Cubic,-0.28687396,2.674761059596121,7939.7825,0.8875069333333335,0.11360063102702042,0.24574311266703028,0.41391815454570713,267,mp-1187204_H_1_111,Pt-Ta,False,0.016873959999999966
CuPt7,Cu,Pt,111,Cubic,-0.31508381,1.2849705460356056,26870.07857,0.6994412666666666,0.6285107585337576,0.13078137614018878,0.48268983620380423,212,mp-12608_H_0_111,Cu-Pt,True,0.04508381
Cu3Sb,Cu,Sb,111,Cubic,-0.25022178,0.3525314378507502,15.0918025,0.8681451999999998,0.9739745787304454,0.836568574024049,0.8923328421492237,2,mp-2002_H_2_111,Cu-Sb,True,0.019778220000000013
Sn2Ir,Ir,Sn,111,Cubic,-0.21408715,1.1597298908364242,45567.318033333315,0.6272476666666665,0.6749117672529972,0.08097510632398343,0.4572441493436434,237,mp-2083_H_0_111,Ir-Sn,True,0.055912850000000014
Sn2Ir,Ir,Sn,111,Cubic,-0.23445964,0.5908732212532807,45567.318033333315,0.7630642666666665,0.8856701926488545,0.08097510632398343,0.5716139077242762,161,mp-2083_H_1_111,Ir-Sn,True,0.03554036000000002
Ti3Sn,Sn,Ti,111,Cubic,-0.34814295,1.7119074078746366,12.7843025,0.479047,0.4703328807731253,0.8522158486266217,0.6030487491881827,136,mp-998982_H_1_111,Sn-Ti,False,0.07814294999999999
NbNi3,Nb,Ni,111,Cubic,-0.28103197,2.1301488868628176,31.9112275,0.9264535333333334,0.3153765969496832,0.7659573683994373,0.6702294482492042,105,mp-999378_H_2_111,Nb-Ni,False,0.011031970000000002
Sb14Mo6,Mo,Sb,111,Cubic,-0.11712251,0.7810018342942635,39.065394999999995,0.0,0.8152285344072806,0.7468827755630999,0.5229655600458566,189,mp-1521_H_0_111,Mo-Sb,True,0.15287749
Sb14Mo6,Mo,Sb,111,Cubic,-0.24921452,0.9208718427110844,39.065394999999995,0.8614301333333332,0.7634074267183498,0.7468827755630999,0.7901365385085093,33,mp-1521_H_3_111,Mo-Sb,True,0.020785480000000023
Sb14Mo6,Mo,Sb,111,Cubic,-0.26555459,1.1793411579387292,39.065394999999995,0.970363933333333,0.6676458952056004,0.7468827755630999,0.794483387109302,30,mp-1521_H_4_111,Mo-Sb,True,0.0044454100000000385
Sn14Ir6,Ir,Sn,111,Cubic,-0.26290944,0.7320200322155602,41013.650435,0.9527295999999998,0.8333760362845529,0.09090338607182458,0.6203220112383228,127,mp-22040_H_0_111,Ir-Sn,True,0.0070905600000000235
Sn14Ir6,Ir,Sn,111,Cubic,-0.23295784,0.6493845105063588,41013.650435,0.7530522666666666,0.8639920655383876,0.09090338607182458,0.5645317808920882,167,mp-22040_H_2_111,Ir-Sn,True,0.03704216000000002
Sn14Ru6,Ru,Sn,111,Cubic,-0.31299132,0.9146548232717824,6097.940435,0.7133912,0.7657107999540771,0.27063173504072957,0.5801184498986935,154,mp-22344_H_3_111,Ru-Sn,True,0.04299132
Sn14Ru6,Ru,Sn,111,Cubic,-0.31873276,1.288475568836799,6097.940435,0.6751149333333334,0.6272121658898542,0.27063173504072957,0.5217827326575,191,mp-22344_H_4_111,Ru-Sn,True,0.048732759999999986
CoNi,Co,Ni,111,Cubic,-0.33952242,2.2467008355368105,24.722415,0.5365172000000001,0.27219470862384143,0.7900268004137951,0.5354840419865581,183,mp-1006883_H_0_111,Co-Ni,False,0.06952241999999997
CoNi,Co,Ni,111,Cubic,-0.35076552,2.2627798335612748,24.722415,0.46156320000000006,0.2662375238235604,0.7900268004137951,0.5087833510024653,198,mp-1006883_H_1_111,Co-Ni,False,0.08076551999999998
FeIr3,Fe,Ir,111,Cubic,-0.34625809,2.147532233507372,102480.5275125,0.49161273333333333,0.3089361577972312,0.004547967085957299,0.26572744288231176,337,mp-10596_H_0_111,Fe-Ir,True,0.07625809
TiCu,Cu,Ti,111,Cubic,-0.11639606,1.6640553084086245,8.60014,0.0,0.4880618337319314,0.8895994550092478,0.4635242198346816,227,mp-11364_H_1_111,Cu-Ti,False,0.15360394000000002
TiPt,Pt,Ti,111,Cubic,-0.20994828,1.4462153638763169,15357.00586,0.5996551999999997,0.5687703955768579,0.1835358059379688,0.44798262055927246,243,mp-11552_H_0_111,Pt-Ti,True,0.06005172000000003
MnPt3,Mn,Pt,111,Cubic,-0.3152699,1.5059626390724012,23030.4009125,0.6982006666666668,0.5466343421290759,0.14532201786868063,0.4602050389779465,235,mp-1180_H_0_111,Mn-Pt,True,0.045269899999999974
Cu3Pt,Cu,Pt,111,Cubic,-0.26992337,1.11463643985212,7684.57142,0.9994891333333332,0.6916186553555513,0.24882396073538138,0.6426657169173616,118,mp-12086_H_0_111,Cu-Pt,True,7.663000000002196e-05
TiPt3,Pt,Ti,111,Cubic,-0.39687499,1.5553047921741578,23032.092930000003,0.15416673333333353,0.5283533320795882,0.14531509012837532,0.2746387522299118,334,mp-12107_H_0_111,Pt-Ti,True,0.12687498999999997
MoPt3,Mo,Pt,111,Cubic,-0.223725,1.3492172535520166,23045.870270000003,0.6914999999999999,0.6047076889082411,0.14525869958087229,0.4771364951972161,218,mp-13100_H_0_111,Mo-Pt,False,0.04627500000000001
TiNi,Ni,Ti,111,Cubic,-0.3594055,1.7971421397956835,11.288345,0.40396333333333345,0.4387538577094038,0.8639510240655848,0.5718400212264021,160,mp-571_H_0_111,Ni-Ti,True,0.08940549999999997
FePt3,Fe,Pt,111,Cubic,-0.33782389,1.4896830027293586,23030.4100125,0.5478407333333333,0.5526658623786164,0.1453219806085813,0.41257664999186106,269,mp-649_H_0_111,Fe-Pt,True,0.06782389
TiCo,Co,Ti,111,Cubic,-0.35495702,2.134950444491253,20.26579,0.43361986666666663,0.31359764492305386,0.8087710612935014,0.5215639396643983,192,mp-823_H_0_111,Co-Ti,True,0.08495702
CoPt3,Co,Pt,111,Cubic,-0.35906491,1.4534916932848247,23038.809965,0.40623393333333335,0.566074553529471,0.1452875931427628,0.37025958233326484,296,mp-922_H_0_111,Co-Pt,True,0.08906491
Nb2Sn6,Nb,Sn,111,Hexagonal,-0.37137331,0.3599505788723528,43.0840375,0.32417793333333333,0.9712258257261981,0.7376495001821467,0.6782840705515752,99,mp-1186237_H_0_111,Nb-Sn,False,0.10137331
Nb2Sb2,Nb,Sb,111,Hexagonal,-0.15162561,1.4643030934280614,54.835764999999995,0.21083739999999984,0.5620689862357222,0.714905670088498,0.4981270352878776,205,mp-1207123_H_1_111,Nb-Sb,False,0.11837439000000002
Cu6Sn2,Cu,Sn,111,Hexagonal,-0.21137339,0.887685669246072,15.4369325,0.6091559333333332,0.7757027306822205,0.834436380594267,0.7407117285271836,59,mp-13138_H_0_111,Cu-Sn,True,0.05862661000000002
Sn2Pt2,Pt,Sn,111,Hexagonal,-0.34966611,1.0004623291219608,15368.911025,0.4688926000000002,0.7339195671407538,0.1834627316175931,0.45930534390643046,236,mp-19856_H_0_111,Pt-Sn,True,0.07966610999999996
Sn2Pt2,Pt,Sn,111,Hexagonal,-0.1204486,1.000737249316762,15368.911025,0.002990666666666586,0.7338177106442689,0.1834627316175931,0.3055240932625904,320,mp-19856_H_1_111,Pt-Sn,True,0.1495514
Sn6Pt4,Pt,Sn,111,Hexagonal,-0.16003284,0.7748709980066928,12301.25723,0.26688559999999995,0.8174999772353571,0.20445781490354423,0.42736289755487283,256,mp-30846_H_0_111,Pt-Sn,True,0.10996716000000001
Sn6Pt4,Pt,Sn,111,Hexagonal,-0.13424118,0.7986411243259854,12301.25723,0.09494119999999973,0.8086932695664713,0.20445781490354423,0.36771503202414046,297,mp-30846_H_1_111,Pt-Sn,True,0.13575882000000003
Sn6Pt4,Pt,Sn,111,Hexagonal,-0.14286467,0.7331177379393158,12301.25723,0.15243113333333314,0.832969342046343,0.20445781490354423,0.39469781394249814,279,mp-30846_H_2_111,Pt-Sn,True,0.12713533000000002
Sn6Pt4,Pt,Sn,111,Hexagonal,-0.1758301,0.7715941811355762,12301.25723,0.3722006666666664,0.8187140207739046,0.20445781490354423,0.4625175039225935,230,mp-30846_H_3_111,Pt-Sn,True,0.09416990000000003
Sn6Pt4,Pt,Sn,111,Hexagonal,-0.13754732,0.7443710956662091,12301.25723,0.11698213333333318,0.8288000317758415,0.20445781490354423,0.3816237715532327,288,mp-30846_H_4_111,Pt-Sn,True,0.13245268000000002
Ni2Sb2,Ni,Sb,111,Hexagonal,-0.23478475,0.94748501374226,22.50325,0.7652316666666664,0.7535473858306664,0.7988956169806442,0.7728215970975388,46,mp-810_H_0_111,Ni-Sb,True,0.03521525000000003
Ni2Sb2,Ni,Sb,111,Hexagonal,-0.25123753,0.974519201520344,22.50325,0.8749168666666665,0.7435313604368882,0.7988956169806442,0.8057124247175921,21,mp-810_H_1_111,Ni-Sb,True,0.01876247000000003
Nb2Pt6,Nb,Pt,111,Orthorhombic,-0.39771754,2.032090716665301,23050.487500000003,0.14854973333333354,0.3517066369282457,0.14523980883549717,0.2144661371903902,355,mp-1078699_H_4_111,Nb-Pt,True,0.12771753999999996
Cu6Sb2,Cu,Sb,111,Orthorhombic,-0.21583818,0.6577320801144291,15.0918025,0.6389211999999997,0.8608993345912961,0.836568574024049,0.7793740915833043,40,mp-20900_H_0_111,Cu-Sb,True,0.05416182000000003
Cu6Sb2,Cu,Sb,111,Orthorhombic,-0.11551656,0.6693477376300563,15.0918025,0.0,0.8565957941410713,0.836568574024049,0.5671099272347302,164,mp-20900_H_1_111,Cu-Sb,True,0.15448344000000003
Cu6Sb2,Cu,Sb,111,Orthorhombic,-0.32133275,0.7215577921659687,15.0918025,0.6577816666666667,0.837252241586991,0.836568574024049,0.7777945048918837,41,mp-20900_H_2_111,Cu-Sb,True,0.05133274999999998
Cu6Sb2,Cu,Sb,111,Orthorhombic,-0.22956366,0.6998114138207773,15.0918025,0.7304243999999999,0.845309161199894,0.836568574024049,0.8044253903641417,23,mp-20900_H_4_111,Cu-Sb,True,0.040436340000000015
Cu6Sb2,Cu,Sb,111,Orthorhombic,-0.12943948,0.7693177435605769,15.0918025,0.06292986666666645,0.8195574290074239,0.836568574024049,0.5756541227406266,156,mp-20900_H_5_111,Cu-Sb,True,0.14056052000000002
Cu6Sn2,Cu,Sn,111,Orthorhombic,-0.28738664,0.879571648035104,15.4369325,0.8840890666666666,0.7787089331678225,0.834436380594267,0.8324317093474323,12,mp-581786_H_1_111,Cu-Sn,True,0.01738664000000001
Cu6Sn2,Cu,Sn,111,Orthorhombic,-0.1654559,0.9228705716964664,15.4369325,0.3030393333333331,0.7626669080670333,0.834436380594267,0.6353914290641718,122,mp-581786_H_2_111,Cu-Sn,True,0.10454410000000003
Cu6Sn2,Cu,Sn,111,Orthorhombic,-0.15613835,0.91288737116892,15.4369325,0.24092233333333324,0.7663656317281948,0.834436380594267,0.6161133978723551,129,mp-581786_H_4_111,Cu-Sn,True,0.11386165000000001
Cu6Sn2,Cu,Sn,111,Orthorhombic,-0.11466557,0.9791747644927596,15.4369325,0.0,0.7418064986679005,0.834436380594267,0.528504513962458,186,mp-581786_H_5_111,Cu-Sn,True,0.15533443000000002
Fe2Sb4,Fe,Sb,111,Orthorhombic,-0.39459594,0.8950870337118576,19.54103666666666,0.1693604000000002,0.7729605637990705,0.812205176446521,0.5871156780455105,147,mp-20714_H_0_111,Fe-Sb,True,0.12459593999999996
Fe2Sb4,Fe,Sb,111,Orthorhombic,-0.22668033,0.978068075445276,19.54103666666666,0.7112022,0.7422165211806391,0.812205176446521,0.7557779379814281,54,mp-20714_H_1_111,Fe-Sb,True,0.043319670000000005
Sb4Ru2,Ru,Sb,111,Orthorhombic,-0.11719895,1.1656839623886563,6771.164353333331,0.0,0.6727058148362622,0.2607566228148127,0.3106501706530029,318,mp-20928_H_4_111,Ru-Sb,True,0.15280105000000002
Co2Sb4,Co,Sb,111,Orthorhombic,-0.28788707,0.925476788589998,30.74097333333332,0.8807528666666666,0.7617013183181721,0.7694804976404697,0.8036332502427566,25,mp-9835_H_0_111,Co-Sb,True,0.017887070000000005
Co2Sb4,Co,Sb,111,Orthorhombic,-0.11799429,0.9529375511879384,30.74097333333332,0.0,0.7515272491812971,0.7694804976404697,0.5096273614275877,197,mp-9835_H_1_111,Co-Sb,True,0.15200571000000002
Fe2Sb4,Fe,Sb,111,Tetragonal,-0.24070503,0.4956042589605582,19.54103666666666,0.8047001999999998,0.9209668456644994,0.812205176446521,0.8456198850611019,8,mp-1072181_H_0_111,Fe-Sb,True,0.02929497000000003
Fe2Sb4,Fe,Sb,111,Tetragonal,-0.33548246,0.4446906230441501,19.54103666666666,0.5634502666666669,0.939830081890214,0.812205176446521,0.7722322750155879,47,mp-1072181_H_2_111,Fe-Sb,True,0.06548245999999996
Mn2Sn4,Mn,Sn,111,Tetragonal,-0.20002387,0.9817795413194864,20.449249999999996,0.5334924666666665,0.7408414424562701,0.8079212477300616,0.6952234142387901,87,mp-20086_H_0_111,Mn-Sn,True,0.06997613000000003
Mn2Sn4,Mn,Sn,111,Tetragonal,-0.17013869,1.0782427095371876,20.449249999999996,0.3342579333333332,0.7051023423818059,0.8079212477300616,0.6176821152142169,128,mp-20086_H_1_111,Mn-Sn,True,0.09986131000000001
Mn2Sn4,Mn,Sn,111,Tetragonal,-0.18710522,0.9243512356025304,20.449249999999996,0.44736813333333314,0.7621183298221632,0.8079212477300616,0.6738237570695348,104,mp-20086_H_2_111,Mn-Sn,True,0.08289478000000003
Mn2Sn4,Mn,Sn,111,Tetragonal,-0.23399633,0.8823831430502391,20.449249999999996,0.7599755333333332,0.7776672889469112,0.8079212477300616,0.7821153555807017,36,mp-20086_H_3_111,Mn-Sn,True,0.036003670000000015
Co2Sn4,Co,Sn,111,Tetragonal,-0.22184664,0.837899625797754,31.66131999999999,0.6789776,0.7941481997870239,0.7666987573477353,0.7468090914279479,56,mp-20155_H_0_111,Co-Sn,True,0.048153360000000006
Co2Sn4,Co,Sn,111,Tetragonal,-0.17701998,0.8027734497268889,31.66131999999999,0.38013319999999984,0.8071622645852764,0.7666987573477353,0.6524850808113711,111,mp-20155_H_2_111,Co-Sn,True,0.09298002000000002
Co2Sn4,Co,Sn,111,Tetragonal,-0.22348949,0.8340814320354135,31.66131999999999,0.6899299333333333,0.7955628206365901,0.7666987573477353,0.7508901863083048,55,mp-20155_H_3_111,Co-Sn,True,0.046510510000000005
Fe2Sn4,Fe,Sn,111,Tetragonal,-0.34644242,0.9164452975652364,20.461383333333327,0.4903838666666669,0.7650474385785716,0.8078653134394425,0.6889665373003392,93,mp-22752_H_0_111,Fe-Sn,True,0.07644241999999996
Fe2Sn4,Fe,Sn,111,Tetragonal,-0.19619126,1.0121810051045506,20.461383333333327,0.5079417333333333,0.7295778588865028,0.8078653134394425,0.6830556720019564,96,mp-22752_H_1_111,Fe-Sn,True,0.07380874000000001
Fe2Sn4,Fe,Sn,111,Tetragonal,-0.19716073,0.8564519572753387,20.461383333333327,0.5144048666666665,0.7872746578586096,0.8078653134394425,0.7042284496627516,84,mp-22752_H_2_111,Fe-Sn,True,0.07283927000000001
Fe2Sn4,Fe,Sn,111,Tetragonal,-0.23018211,0.8554232019640398,20.461383333333327,0.7345473999999999,0.7876558063290774,0.8078653134394425,0.777001264658006,42,mp-22752_H_3_111,Fe-Sn,True,0.03981789000000002
Sn4Ru2,Ru,Sn,111,Tetragonal,-0.27271038,0.9875952444332408,6772.084699999998,0.9819308000000003,0.7386867548234033,0.26074380651155415,0.6564566873056517,110,mp-510219_H_0_111,Ru-Sn,True,0.0027103799999999567
Sn4Ru2,Ru,Sn,111,Tetragonal,-0.12354695,1.075862250126983,6772.084699999998,0.023646333333333103,0.7059842901620458,0.26074380651155415,0.32943099996740344,309,mp-510219_H_1_111,Ru-Sn,True,0.14645305000000003
Sn4Ru2,Ru,Sn,111,Tetragonal,-0.24202628,0.9424683606960056,6772.084699999998,0.8135085333333333,0.7554060295863257,0.26074380651155415,0.6063946999774159,132,mp-510219_H_2_111,Ru-Sn,True,0.027973720000000007
Sn4Ru2,Ru,Sn,111,Tetragonal,-0.3493167,0.9851628123386456,6772.084699999998,0.47122200000000025,0.739587958211798,0.26074380651155415,0.48822018042382187,209,mp-510219_H_3_111,Ru-Sn,True,0.07931669999999996
Ti2Sb4,Sb,Ti,111,Tetragonal,-0.31129682,0.925758470684605,21.78492666666666,0.724687866666667,0.761596956573121,0.8019547929262757,0.7631386212640638,51,mp-568_H_3_111,Sb-Ti,True,0.041296819999999956
SbPt3,Pt,Sb,111,Tetragonal,-0.2716012,0.6810596564411319,23037.700382500003,0.9893253333333335,0.8522565893835791,0.14529213479853492,0.657121360328083,109,mp-973354_H_1_111,Pt-Sb,False,0.0016011999999999693
RuPt,Pt,Ru,111,Tetragonal,-0.36137784,2.2125879641567514,25481.075,0.3908144,0.2848333493258326,0.13578648171857882,0.26913116106184154,335,mp-1120769_H_0_111,Pt-Ru,False,0.09137783999999999
Ti2Ir2,Ir,Ti,111,Tetragonal,-0.28228125,2.303905547058123,68323.75086,0.9181250000000002,0.25100066173978014,0.04277797555972441,0.40035598006443385,275,mp-1235_H_1_111,Ir-Ti,True,0.012281249999999966
TaRu,Ru,Ta,111,Tetragonal,-0.37025166,2.501551078386238,10302.81,0.33165560000000016,0.17777402452769275,0.22117548287473543,0.24331144027154872,349,mp-1601_H_1_111,Ru-Ta,True,0.10025165999999996
Fe2Ni2,Fe,Ni,111,Tetragonal,-0.34467688,2.559485056262764,7.92251,0.5021541333333333,0.15630978826740152,0.8973385609053348,0.5223882048360564,190,mp-2213_H_0_111,Fe-Ni,True,0.07467688
FePt,Fe,Pt,111,Tetragonal,-0.35247603,2.308324326174044,15353.640025,0.4501598000000001,0.24936352715309057,0.18355647582339396,0.2932518997404739,327,mp-2260_H_0_111,Fe-Pt,True,0.08247602999999998
NbRu,Nb,Ru,111,Tetragonal,-0.27974335,2.317759484120512,10167.69,0.9350443333333335,0.24586785040622927,0.22242037491216682,0.4653239481041924,225,mp-432_H_0_111,Nb-Ru,True,0.009743349999999984
Co2Pt2,Co,Pt,111,Tetragonal,-0.39612369,2.119936959623673,15370.43993,0.1591754000000003,0.3191600626630347,0.18345335124684592,0.22022484210272916,353,mp-949_H_0_111,Co-Pt,True,0.12612368999999996
MoPt3,Mo,Pt,111,Trigonal,-0.38164267,1.9722650059753888,23045.870270000003,0.2557155333333333,0.3738717503168849,0.14525869958087229,0.25715176146206864,341,mp-1221425_H_0_111,Mo-Pt,False,0.11164267
Sn2Ir,Ir,Sn,210,Cubic,-0.1401535,1.0136915948828826,45567.318033333315,0.13435666666666646,0.7290181932622364,0.08097510632398343,0.3124452399266923,316,mp-2083_H_0_210,Ir-Sn,True,0.12984650000000003
Cu3Sn,Cu,Sn,210,Cubic,-0.13265035,0.731595416343544,15.4369325,0.08433566666666648,0.8335333542477048,0.834436380594267,0.5866051463037933,149,mp-838_H_0_210,Cu-Sn,True,0.13734965000000002
Sb14Mo6,Mo,Sb,210,Cubic,-0.16931093,0.998435002466024,39.065394999999995,0.32873953333333317,0.7346706810796682,0.7468827755630999,0.6048655144477444,134,mp-1521_H_5_210,Mo-Sb,True,0.10068907000000002
Sn14Ru6,Ru,Sn,210,Cubic,-0.3645967,1.138195169905296,6097.940435,0.3693553333333335,0.6828902688993076,0.27063173504072957,0.43925583865061957,248,mp-22344_H_3_210,Ru-Sn,True,0.09459669999999998
MnSb,Mn,Sb,210,Cubic,-0.21214845,1.1045596018656358,14.66259,0.6143229999999997,0.6953520712062556,0.8392893049663716,0.7175511371866307,72,mp-1009207_H_1_210,Mn-Sb,False,0.05785155000000003
TiPt,Pt,Ti,210,Cubic,-0.2070045,1.6160325779109208,15357.00586,0.5800299999999999,0.5058540045969094,0.1835358059379688,0.42074389553588953,260,mp-11552_H_0_210,Pt-Ti,True,0.06299550000000001
Cu3Sb,Cu,Sb,210,Cubic,-0.30026883,0.7590966781710543,15.0918025,0.7982078000000001,0.8233442803577693,0.836568574024049,0.8195455016862406,18,mp-1183969_H_1_210,Cu-Sb,False,0.03026882999999997
Cu3Pt,Cu,Pt,210,Cubic,-0.3257783,1.506914294919244,7684.57142,0.6281446666666666,0.5462817586075602,0.24882396073538138,0.4721608669905245,220,mp-12086_H_0_210,Cu-Pt,True,0.0557783
Cu3Pt,Cu,Pt,210,Cubic,-0.29030203,1.5013330664286848,7684.57142,0.8646531333333335,0.5483495746170073,0.24882396073538138,0.5508910402736421,176,mp-12086_H_1_210,Cu-Pt,True,0.02030202999999997
Ni3Pt,Ni,Pt,210,Cubic,-0.3955775,2.057844465909902,7688.6037275,0.1628166666666666,0.3421650073244137,0.24877449274426647,0.25122727995010713,346,mp-12798_H_0_210,Ni-Pt,True,0.1255775
Cu2Sn2,Cu,Sn,210,Hexagonal,-0.19085743,0.7278672277010587,20.505305,0.4723828666666665,0.8349146286703898,0.8076631128972036,0.7060136318462779,82,mp-10598_H_0_210,Cu-Sn,True,0.07914257000000002
Nb2Sb2,Nb,Sb,210,Hexagonal,-0.20430633,1.5292238375974925,54.835764999999995,0.5620421999999999,0.5380161895502177,0.714905670088498,0.6060871963816612,133,mp-1207123_H_2_210,Nb-Sb,False,0.06569367000000001
Cu6Sn2,Cu,Sn,210,Hexagonal,-0.24530253,0.8279590621785623,15.4369325,0.8353501999999998,0.7978311266962986,0.834436380594267,0.8226582072118294,16,mp-13138_H_0_210,Cu-Sn,True,0.024697470000000027
Cu6Sn2,Cu,Sn,210,Hexagonal,-0.28916604,0.9214502218350684,15.4369325,0.8722264,0.7631931402733267,0.834436380594267,0.8233968176922486,15,mp-13138_H_1_210,Cu-Sn,True,0.019166039999999995
Cu6Sn2,Cu,Sn,210,Hexagonal,-0.2554544,0.9981654035778816,15.4369325,0.9030293333333334,0.7347705660598249,0.834436380594267,0.824182336201793,14,mp-13138_H_2_210,Cu-Sn,True,0.014545599999999992
Cu6Sn2,Cu,Sn,210,Hexagonal,-0.22746902,0.9030209395126564,15.4369325,0.7164601333333331,0.7700210931323369,0.834436380594267,0.774247174135722,44,mp-13138_H_4_210,Cu-Sn,True,0.042530980000000024
Cu6Sn2,Cu,Sn,210,Hexagonal,-0.20765169,1.0106878362310758,15.4369325,0.5843445999999999,0.730131070156495,0.834436380594267,0.7174853405536941,73,mp-13138_H_5_210,Cu-Sn,True,0.06234831000000002
Sn2Pt2,Pt,Sn,210,Hexagonal,-0.22154882,0.8569125587193728,15368.911025,0.6769921333333333,0.787104007428949,0.1834627316175931,0.5455290552015349,178,mp-19856_H_1_210,Pt-Sn,True,0.04845118000000001
Sn2Pt2,Pt,Sn,210,Hexagonal,-0.20230904,1.0118959707318125,15368.911025,0.5487269333333331,0.729683462633095,0.1834627316175931,0.48425275941890294,211,mp-19856_H_2_210,Pt-Sn,True,0.06769096000000002
Mn6Sn2,Mn,Sn,210,Hexagonal,-0.12484246,1.4455441953254915,7.70825,0.03228306666666647,0.5690190600199606,0.8999239291172246,0.5044038377064434,202,mp-22389_H_1_210,Mn-Sn,True,0.14515754000000003
Sb2Pt2,Pt,Sb,210,Hexagonal,-0.28421273,0.7054267969024379,15368.220765,0.9052484666666666,0.843228691092806,0.18346696691159967,0.6393762308105698,121,mp-2845_H_0_210,Pt-Sb,True,0.014212730000000007
Sn6Pt4,Pt,Sn,210,Hexagonal,-0.14253215,0.7229070660120318,12301.25723,0.15021433333333312,0.8367523426732056,0.20445781490354423,0.39521466014936285,278,mp-30846_H_0_210,Pt-Sn,True,0.12746785000000002
Sn6Pt4,Pt,Sn,210,Hexagonal,-0.20551233,0.8252111502270947,12301.25723,0.5700821999999999,0.7988492137241648,0.20445781490354423,0.5212630235961795,193,mp-30846_H_1_210,Pt-Sn,True,0.06448767000000002
Sn6Pt4,Pt,Sn,210,Hexagonal,-0.27412836,0.7156628550028721,12301.25723,0.9724776,0.8394362850213628,0.20445781490354423,0.6674472391242549,107,mp-30846_H_2_210,Pt-Sn,True,0.004128359999999998
Ni2Sb2,Ni,Sb,210,Hexagonal,-0.22402089,0.7906654469177574,22.50325,0.6934725999999999,0.8116482163956177,0.7988956169806442,0.7683143791839728,48,mp-810_H_1_210,Ni-Sb,True,0.04597911000000002
Ni2Sb2,Ni,Sb,210,Hexagonal,-0.24526628,0.9797380170082992,22.50325,0.8351085333333332,0.7415978165523117,0.7988956169806442,0.7919376052356819,31,mp-810_H_2_210,Ni-Sb,True,0.024733720000000015
CuNi,Cu,Ni,210,Hexagonal,-0.34569393,1.8986047780319533,13.056765,0.4953738000000002,0.40116248010130445,0.8502272525561897,0.5849342383025351,150,mp-1184069_H_0_210,Cu-Ni,False,0.07569392999999996
SnMo3,Mo,Sn,210,Orthorhombic,-0.34396635,1.773033500360723,54.1163225,0.5068910000000002,0.4476859827198606,0.7161510476654304,0.5585017605038005,170,mp-1218950_H_0_210,Mo-Sn,False,0.07396634999999996
Cu6Sb2,Cu,Sb,210,Orthorhombic,-0.22038803,0.7201282631813798,15.0918025,0.6692535333333333,0.8377818746104914,0.836568574024049,0.7817549997896388,38,mp-20900_H_0_210,Cu-Sb,True,0.049611970000000005
Cu6Sb2,Cu,Sb,210,Orthorhombic,-0.12521583,0.6388625676303543,15.0918025,0.03477219999999981,0.8678903904262313,0.836568574024049,0.5823119700088331,153,mp-20900_H_1_210,Cu-Sb,True,0.14478417000000002
Ta2Pt6,Pt,Ta,210,Orthorhombic,-0.34875783,1.968447770880666,23118.0475,0.47494780000000014,0.3752860159851052,0.14496382855438605,0.32986486098357604,308,mp-30850_H_0_210,Pt-Ta,True,0.07875782999999997
Cu6Sn2,Cu,Sn,210,Orthorhombic,-0.18912976,0.8860990970916668,15.4369325,0.4608650666666666,0.7762905473800265,0.834436380594267,0.6919697220374595,90,mp-581786_H_0_210,Cu-Sn,True,0.08087024000000001
Cu6Sn2,Cu,Sn,210,Orthorhombic,-0.22411983,0.8525255541800856,15.4369325,0.6941321999999999,0.7887293697009291,0.834436380594267,0.7730526874033574,45,mp-581786_H_1_210,Cu-Sn,True,0.045880170000000026
Fe2Sb4,Fe,Sb,210,Orthorhombic,-0.20212316,0.8335200912423852,19.54103666666666,0.5474877333333332,0.7957707944689718,0.812205176446521,0.7194250741665777,71,mp-20714_H_1_210,Fe-Sb,True,0.06787684000000002
Fe2Sb4,Fe,Sb,210,Orthorhombic,-0.21670568,0.9976161880238598,19.54103666666666,0.6447045333333332,0.7349740475544752,0.812205176446521,0.731443691684794,63,mp-20714_H_2_210,Fe-Sb,True,0.053294320000000006
Sb4Ru2,Ru,Sb,210,Orthorhombic,-0.16573081,0.9835541515149754,6771.164353333331,0.30487206666666655,0.7401839586462152,0.2607566228148127,0.4335257401102873,252,mp-20928_H_1_210,Ru-Sb,True,0.10426919000000001
Sb4Ru2,Ru,Sb,210,Orthorhombic,-0.26346584,1.1325907797430754,6771.164353333331,0.9564389333333333,0.6849666661871502,0.2607566228148127,0.6303210995987959,123,mp-20928_H_2_210,Ru-Sb,True,0.006534160000000011
Co2Sb4,Co,Sb,210,Orthorhombic,-0.22258749,0.9951376413972112,30.74097333333332,0.6839165999999999,0.7358923361361762,0.7694804976404697,0.7301603181226979,64,mp-9835_H_0_210,Co-Sb,True,0.04741251000000002
Co2Sb4,Co,Sb,210,Orthorhombic,-0.20560689,0.8303164749186156,30.74097333333332,0.5707125999999998,0.7969577175869953,0.7694804976404697,0.7129545740014681,78,mp-9835_H_1_210,Co-Sb,True,0.06439311000000003
Co2Sb4,Co,Sb,210,Orthorhombic,-0.19998723,0.9876986091869768,30.74097333333332,0.5332481999999998,0.7386484587219357,0.7694804976404697,0.6813492665759984,97,mp-9835_H_2_210,Co-Sb,True,0.07001277000000003
Co2Pt2,Co,Pt,210,Tetragonal,-0.35346223,2.2140701838383743,15370.43993,0.4435851333333335,0.2842841946742426,0.18345335124684592,0.30257101766642774,322,mp-949_H_1_210,Co-Pt,True,0.08346222999999997
Cu3Sb,Cu,Sb,211,Cubic,-0.15197787,0.3570892531086651,15.0918025,0.21318579999999976,0.972285931979222,0.836568574024049,0.67563898672132,102,mp-2002_H_0_211,Cu-Sb,True,0.11802213000000003
Sn2Ir,Ir,Sn,211,Cubic,-0.20751188,0.8750796056580818,45567.318033333315,0.5834125333333333,0.7803732114101545,0.08097510632398343,0.4775808319155054,217,mp-2083_H_0_211,Ir-Sn,True,0.06248812000000001
Cu3Sn,Cu,Sn,211,Cubic,-0.10302578,0.7322990380782837,15.4369325,0.0,0.8332726660694391,0.834436380594267,0.5586883492049657,169,mp-838_H_0_211,Cu-Sn,True,0.16697422
Sn14Ir6,Ir,Sn,211,Cubic,-0.10270811,0.7011248488268959,41013.650435,0.0,0.8448225403891504,0.09090338607182458,0.30969858959283997,319,mp-22040_H_0_211,Ir-Sn,True,0.16729189
MnSb,Mn,Sb,211,Cubic,-0.17487366,0.9095204923795824,14.66259,0.3658243999999997,0.7676130427371217,0.8392893049663716,0.6593927197918165,108,mp-1009207_H_0_211,Mn-Sb,False,0.09512634000000003
TiPt,Pt,Ti,211,Cubic,-0.24028649,1.3969900051421902,15357.00586,0.8019099333333332,0.5870081339230625,0.1835358059379688,0.5207451362135199,194,mp-11552_H_0_211,Pt-Ti,True,0.029713510000000026
Cu3Pt,Cu,Pt,211,Cubic,-0.3031862,1.3477229481657298,7684.57142,0.7787586666666666,0.6052613212502952,0.24882396073538138,0.541326742662627,180,mp-12086_H_0_211,Cu-Pt,True,0.0331862
Cu3Pt,Cu,Pt,211,Cubic,-0.33866303,1.353102272942543,7684.57142,0.5422464666666669,0.603268309512409,0.24882396073538138,0.46262002278912473,229,mp-12086_H_1_211,Cu-Pt,True,0.06866302999999996
Cu2Sn2,Cu,Sn,211,Hexagonal,-0.35658364,0.8383116687735297,20.505305,0.4227757333333335,0.7939955400162708,0.8076631128972036,0.6761399785904186,100,mp-10598_H_3_211,Cu-Sn,True,0.08658363999999996
Nb2Sn6,Nb,Sn,211,Hexagonal,-0.10922943,0.4518995579343862,43.0840375,0.0,0.9371592091598989,0.7376495001821467,0.5600633690846966,168,mp-1186237_H_0_211,Nb-Sn,False,0.16077057
Ta2Sn6,Sn,Ta,211,Hexagonal,-0.31255709,0.2822863957363477,110.6440375,0.7162860666666668,1.0,0.6487105175933896,0.7869359779817526,34,mp-1187261_H_2_211,Sn-Ta,False,0.042557089999999964
Cu6Sn2,Cu,Sn,211,Hexagonal,-0.20387758,0.8831802506571611,15.4369325,0.5591838666666665,0.7773719647412038,0.834436380594267,0.724771793766648,68,mp-13138_H_0_211,Cu-Sn,True,0.06612242000000002
Cu6Sn2,Cu,Sn,211,Hexagonal,-0.18827694,0.8822354922708245,15.4369325,0.4551795999999999,0.777721992789622,0.834436380594267,0.690565895022626,91,mp-13138_H_1_211,Cu-Sn,True,0.08172306000000001
Cu6Sn2,Cu,Sn,211,Hexagonal,-0.28712313,0.8657146793792481,15.4369325,0.8858458000000001,0.7838428676909214,0.834436380594267,0.8347056297400549,11,mp-13138_H_2_211,Cu-Sn,True,0.017123129999999986
Sn2Pt2,Pt,Sn,211,Hexagonal,-0.31098323,0.949450943414734,15368.911025,0.7267784666666668,0.7528190191534976,0.1834627316175931,0.550644499070636,177,mp-19856_H_0_211,Pt-Sn,True,0.04098322999999998
Sn2Pt2,Pt,Sn,211,Hexagonal,-0.35511669,1.08815628902799,15368.911025,0.43255540000000003,0.7014294129511828,0.1834627316175931,0.43659231702387197,249,mp-19856_H_1_211,Pt-Sn,True,0.08511669
Sn2Pt2,Pt,Sn,211,Hexagonal,-0.16979861,0.9583101237479048,15368.911025,0.33199073333333307,0.7495367391044911,0.1834627316175931,0.4192813946544637,262,mp-19856_H_2_211,Pt-Sn,True,0.10020139000000003
Sb2Pt2,Pt,Sb,211,Hexagonal,-0.2119453,0.8368014676035871,15368.220765,0.6129686666666665,0.7945550616631583,0.18346696691159967,0.526861599098786,187,mp-2845_H_1_211,Pt-Sb,True,0.058054700000000015
Sb2Pt2,Pt,Sb,211,Hexagonal,-0.37844286,0.8663262721000815,15368.220765,0.27704760000000017,0.7836162757817136,0.18346696691159967,0.41239784775790944,270,mp-2845_H_3_211,Pt-Sb,True,0.10844285999999997
Sn6Pt4,Pt,Sn,211,Hexagonal,-0.13651096,0.7347713593094635,12301.25723,0.11007306666666639,0.8323566839642489,0.20445781490354423,0.3805174747754071,290,mp-30846_H_0_211,Pt-Sn,True,0.13348904000000003
Sn6Pt4,Pt,Sn,211,Hexagonal,-0.2190746,0.8128752805684181,12301.25723,0.6604973333333333,0.8034195890122957,0.20445781490354423,0.5526082414412626,174,mp-30846_H_1_211,Pt-Sn,True,0.05092540000000001
Sn6Pt4,Pt,Sn,211,Hexagonal,-0.18217799,0.749254064703178,12301.25723,0.41451993333333326,0.8269909172474973,0.20445781490354423,0.4792142377588791,216,mp-30846_H_2_211,Pt-Sn,True,0.08782201
Sn6Pt4,Pt,Sn,211,Hexagonal,-0.12811078,0.7502717688216917,12301.25723,0.054071866666666524,0.8266138631862449,0.20445781490354423,0.3601419479186658,299,mp-30846_H_3_211,Pt-Sn,True,0.14188922
Ni2Sb2,Ni,Sb,211,Hexagonal,-0.25274093,0.8916559651881585,22.50325,0.8849395333333331,0.7742317567693666,0.7988956169806442,0.8191510355073099,19,mp-810_H_0_211,Ni-Sb,True,0.017259070000000043
Ni2Sb2,Ni,Sb,211,Hexagonal,-0.28702265,1.082598086482708,22.50325,0.8865156666666668,0.7034886979681508,0.7988956169806442,0.7963259501029089,29,mp-810_H_1_211,Ni-Sb,True,0.017022649999999973
Ni2Sb2,Ni,Sb,211,Hexagonal,-0.20782505,0.918049271565046,22.50325,0.5855003333333333,0.7644531745879192,0.7988956169806442,0.7171091673874324,74,mp-810_H_2_211,Ni-Sb,True,0.06217495000000001
Cu6Sb2,Cu,Sb,211,Orthorhombic,-0.19333554,0.7388449160422998,15.0918025,0.4889035999999999,0.830847452467671,0.836568574024049,0.7199511624825081,69,mp-20900_H_3_211,Cu-Sb,True,0.07666446000000002
Cu6Sb2,Cu,Sb,211,Orthorhombic,-0.23134589,0.7823681643252358,15.0918025,0.7423059333333332,0.8147223162660574,0.836568574024049,0.7982526375359756,27,mp-20900_H_4_211,Cu-Sb,True,0.03865411000000002
Cu6Sb2,Cu,Sb,211,Orthorhombic,-0.2870102,0.7412098736062673,15.0918025,0.8865986666666669,0.8299712480405083,0.836568574024049,0.8509013870215445,6,mp-20900_H_7_211,Cu-Sb,True,0.017010199999999975
Cu6Sn2,Cu,Sn,211,Orthorhombic,-0.14604197,0.9684681066338348,15.4369325,0.17361313333333317,0.7457732594922972,0.834436380594267,0.5871058790345088,148,mp-581786_H_2_211,Cu-Sn,True,0.12395803000000002
Cu6Sn2,Cu,Sn,211,Orthorhombic,-0.14977591,0.923911693001582,15.4369325,0.1985060666666666,0.762281178060434,0.834436380594267,0.6007681601619941,137,mp-581786_H_3_211,Cu-Sn,True,0.12022409
Cu6Sn2,Cu,Sn,211,Orthorhombic,-0.14651976,0.9281803833265814,15.4369325,0.1767983999999998,0.760699650586987,0.834436380594267,0.5930827260957565,141,mp-581786_H_5_211,Cu-Sn,True,0.12348024000000002
Cu6Sn2,Cu,Sn,211,Orthorhombic,-0.11212651,0.9275437439275924,15.4369325,0.0,0.7609355221596525,0.834436380594267,0.5348170917147361,184,mp-581786_H_6_211,Cu-Sn,True,0.15787349
Fe2Sb4,Fe,Sb,211,Orthorhombic,-0.34561709,0.9486999955301588,19.54103666666666,0.4958860666666667,0.7530972414231308,0.812205176446521,0.6883142516614504,94,mp-20714_H_1_211,Fe-Sb,True,0.07561709
Fe2Sb4,Fe,Sb,211,Orthorhombic,-0.26633025,0.9777342218369348,19.54103666666666,0.9755349999999998,0.7423402121990782,0.812205176446521,0.8430485800175129,10,mp-20714_H_4_211,Fe-Sb,True,0.003669750000000027
Sb4Ru2,Ru,Sb,211,Orthorhombic,-0.34466028,1.1186882154240727,6771.164353333331,0.5022648000000002,0.6901174936653351,0.2607566228148127,0.482143408666597,213,mp-20928_H_4_211,Ru-Sb,True,0.07466027999999997
Co2Sb4,Co,Sb,211,Orthorhombic,-0.33803772,0.9969651694749756,30.74097333333332,0.5464152000000002,0.735215246527086,0.7694804976404697,0.6845614165516982,95,mp-9835_H_0_211,Co-Sb,True,0.06803771999999997
Co2Sb4,Co,Sb,211,Orthorhombic,-0.25523544,0.9706553355564262,30.74097333333332,0.9015695999999997,0.7449629025986293,0.7694804976404697,0.8049790950553073,22,mp-9835_H_1_211,Co-Sb,True,0.014764560000000038
Co2Sb4,Co,Sb,211,Orthorhombic,-0.20445,0.9763852540625692,30.74097333333332,0.5629999999999998,0.7428399977148978,0.7694804976404697,0.6925505684436759,89,mp-9835_H_4_211,Co-Sb,True,0.06555000000000002
Co2Sn4,Co,Sn,211,Tetragonal,-0.21967854,1.0526186023019786,31.66131999999999,0.6645235999999999,0.7145959402981751,0.7666987573477353,0.7157870257966277,77,mp-20155_H_2_211,Co-Sn,True,0.05032146000000001
Fe2Sn4,Fe,Sn,211,Tetragonal,-0.26073252,0.8513771770376123,20.461383333333327,0.9382168000000001,0.7891548374351575,0.8078653134394425,0.8447068469230125,9,mp-22752_H_0_211,Fe-Sn,True,0.009267479999999995
Sn4Ru2,Ru,Sn,211,Tetragonal,-0.24587532,0.8881660423954755,6772.084699999998,0.8391687999999999,0.7755247549389722,0.26074380651155415,0.6215017673437893,126,mp-510219_H_0_211,Ru-Sn,True,0.02412468000000001
Sn4Ru2,Ru,Sn,211,Tetragonal,-0.33637131,1.2225689947028169,6772.084699999998,0.5575246000000003,0.6516302074290212,0.26074380651155415,0.4876739806655055,210,mp-510219_H_2_211,Ru-Sn,True,0.06637130999999996
Ti2Sb4,Sb,Ti,211,Tetragonal,-0.35701123,0.8732953188982153,21.78492666666666,0.41992513333333337,0.7810342803367782,0.8019547929262757,0.6689812361060706,106,mp-568_H_2_211,Sb-Ti,True,0.08701123
Ni3Pt,Ni,Pt,211,Tetragonal,-0.38425766,1.983241481292814,7688.6037275,0.23828226666666674,0.3698050235331552,0.24877449274426647,0.28525213329899185,331,mp-1100766_H_0_211,Ni-Pt,False,0.11425765999999998
SbPt3,Pt,Sb,211,Tetragonal,-0.37164718,0.8883294897004763,23037.700382500003,0.32235213333333324,0.7754641985660243,0.14529213479853492,0.41167871535828987,272,mp-973354_H_3_211,Pt-Sb,False,0.10164718
SbPt7,Pt,Sb,221,Cubic,-0.38008509,1.1871198701437111,26872.44019125,0.2660994,0.6647639229556646,0.13077308858511968,0.35164774669431,300,mp-1030_H_0_221,Pt-Sb,True,0.11008509
Sn2Ir,Ir,Sn,221,Cubic,-0.25729276,0.8603905125419432,45567.318033333315,0.9152850666666666,0.7858154437002657,0.08097510632398343,0.588894704571242,144,mp-2083_H_0_221,Ir-Sn,True,0.012707240000000009
Cu3Sn,Cu,Sn,221,Cubic,-0.23421402,0.779560279350559,15.4369325,0.7614267999999998,0.8157626229858311,0.834436380594267,0.804180878987375,24,mp-838_H_1_221,Cu-Sn,True,0.03578598000000002
Sb14Mo6,Mo,Sb,221,Cubic,-0.28433442,0.9424318513755218,39.065394999999995,0.9044372000000003,0.7554195560989061,0.7468827755630999,0.8016928732040931,26,mp-1521_H_0_221,Mo-Sb,True,0.014334419999999959
MnSn,Mn,Sn,221,Cubic,-0.29072565,1.1938858146035742,15.35285,0.8618290000000001,0.6622571758664171,0.8349514126615525,0.7868319183408456,35,mp-1009206_H_1_221,Mn-Sn,False,0.020725649999999984
MnSb,Mn,Sb,221,Cubic,-0.19250603,0.9730334880710204,14.66259,0.4833735333333331,0.7440818095111661,0.8392893049663716,0.6904186268272512,92,mp-1009207_H_1_221,Mn-Sb,False,0.07749397000000002
TiPt,Pt,Ti,221,Cubic,-0.30304897,1.459167996813119,15357.00586,0.7796735333333336,0.5639715127150442,0.1835358059379688,0.5058050392148741,199,mp-11552_H_1_221,Pt-Ti,True,0.033048969999999955
MnPt3,Mn,Pt,221,Cubic,-0.29930358,1.739731848135278,23030.4009125,0.8046428,0.46002407096141795,0.14532201786868063,0.4667495534926194,223,mp-1180_H_0_221,Mn-Pt,True,0.029303579999999996
Cu3Sb,Cu,Sb,221,Cubic,-0.15024316,0.5318582600943615,15.0918025,0.20162106666666646,0.9075349275701591,0.836568574024049,0.6504547932663292,112,mp-1183969_H_1_221,Cu-Sb,False,0.11975684000000003
Cu3Pt,Cu,Pt,221,Cubic,-0.29489366,1.295684217056571,7684.57142,0.8340422666666667,0.6245413993694491,0.24882396073538138,0.5659327564419478,166,mp-12086_H_0_221,Cu-Pt,True,0.024893659999999984
Cu3Pt,Cu,Pt,221,Cubic,-0.24726563,1.294837005979449,7684.57142,0.8484375333333332,0.624855286649215,0.24882396073538138,0.5707867772442706,162,mp-12086_H_1_221,Cu-Pt,True,0.02273437000000003
TiPt3,Pt,Ti,221,Cubic,-0.28422957,1.8072919778302596,23032.092930000003,0.9051362000000002,0.43499339572210244,0.14531509012837532,0.49164989723194147,207,mp-12107_H_0_221,Pt-Ti,True,0.01422956999999997
TiIr,Ir,Ti,221,Cubic,-0.38311261,1.7438898112494765,68323.75086,0.24591593333333328,0.45848356734133255,0.04277797555972441,0.24699634691294603,347,mp-12594_H_1_221,Ir-Ti,True,0.11311261
MoPt3,Mo,Pt,221,Cubic,-0.29597249,1.6174782694428993,23045.870270000003,0.8268500666666669,0.5053183834340053,0.14525869958087229,0.4890035463907184,208,mp-13100_H_0_221,Mo-Pt,False,0.02597248999999996
FePt3,Fe,Pt,221,Cubic,-0.33660882,1.7041321936211251,23030.4100125,0.5559412000000002,0.4732135570503083,0.1453219806085813,0.3890305432335195,283,mp-649_H_0_221,Fe-Pt,True,0.06660881999999996
CoPt3,Co,Pt,221,Cubic,-0.3625702,1.6516458948840582,23038.809965,0.3828653333333334,0.4926594566383134,0.1452875931427628,0.33832096235918285,304,mp-922_H_0_221,Co-Pt,True,0.09257019999999999
Nb2Sb2,Nb,Sb,221,Hexagonal,-0.18215324,1.3602971050345165,54.835764999999995,0.4143549333333332,0.6006026617952026,0.714905670088498,0.5780039342225062,155,mp-1207123_H_1_221,Nb-Sb,False,0.08784676000000002
Cu6Sn2,Cu,Sn,221,Hexagonal,-0.27265801,0.9187315884388058,15.4369325,0.9822799333333334,0.7642003797493879,0.834436380594267,0.8600468727193489,5,mp-13138_H_0_221,Cu-Sn,True,0.0026580099999999884
Sn2Pt2,Pt,Sn,221,Hexagonal,-0.25837218,0.9427426072728003,15368.911025,0.9224811999999999,0.7553044226617944,0.1834627316175931,0.6160465842283739,130,mp-19856_H_0_221,Pt-Sn,True,0.011627820000000011
Sn2Pt2,Pt,Sn,221,Hexagonal,-0.1546355,0.9488248106611732,15368.911025,0.23090333333333324,0.7530509980688997,0.1834627316175931,0.38708225811271857,284,mp-19856_H_1_221,Pt-Sn,True,0.11536450000000001
Sb2Pt2,Pt,Sb,221,Hexagonal,-0.11240567,0.6614876089598022,15368.220765,0.0,0.8595079307662172,0.18346696691159967,0.3460163859027956,301,mp-2845_H_0_221,Pt-Sb,True,0.15759433
Sn6Pt4,Pt,Sn,221,Hexagonal,-0.15305477,0.7161938291968459,12301.25723,0.22036513333333319,0.8392395618553503,0.20445781490354423,0.4191852064794706,263,mp-30846_H_0_221,Pt-Sn,True,0.11694523000000001
Sn6Pt4,Pt,Sn,221,Hexagonal,-0.14831022,0.7379931731536422,12301.25723,0.18873479999999976,0.8311630187599447,0.20445781490354423,0.4060819372579867,273,mp-30846_H_1_221,Pt-Sn,True,0.12168978000000003
Sn6Pt4,Pt,Sn,221,Hexagonal,-0.16593802,0.7215282886041526,12301.25723,0.3062534666666664,0.8372631725025701,0.20445781490354423,0.44687614799305314,245,mp-30846_H_2_221,Pt-Sn,True,0.10406198000000003
Ni2Sb2,Ni,Sb,221,Hexagonal,-0.21281032,0.8822441975982408,22.50325,0.6187354666666665,0.7777187675112752,0.7988956169806442,0.7324544070521397,62,mp-810_H_0_221,Ni-Sb,True,0.05718968000000002
Ni2Sb2,Ni,Sb,221,Hexagonal,-0.201408,0.8993142696330475,22.50325,0.5427199999999999,0.7713943949657515,0.7988956169806442,0.7052822601121169,83,mp-810_H_1_221,Ni-Sb,True,0.06859200000000001
Ti4Ru,Ru,Ti,221,Orthorhombic,-0.19003341,2.797101654280871,4056.4593760000007,0.4668893999999999,0.0682740795836747,0.3090715768748206,0.2816882844000516,333,mp-1217110_H_3_221,Ru-Ti,False,0.07996659
Nb2Pt6,Nb,Pt,221,Orthorhombic,-0.38428474,2.090503841258972,23050.487500000003,0.2381017333333333,0.33006487931145345,0.14523980883549717,0.2368765171768487,350,mp-1078699_H_0_221,Nb-Pt,True,0.11428474
Cu6Sb2,Cu,Sb,221,Orthorhombic,-0.27518839,0.6545562009656577,15.0918025,0.9654107333333334,0.862075981230832,0.836568574024049,0.8875039309743513,3,mp-20900_H_0_221,Cu-Sb,True,0.005188389999999987
Cu6Sb2,Cu,Sb,221,Orthorhombic,-0.34363293,0.7339192946164582,15.0918025,0.5091138000000001,0.832672369483353,0.836568574024049,0.7272227510976832,67,mp-20900_H_1_221,Cu-Sb,True,0.07363292999999999
Cu6Sb2,Cu,Sb,221,Orthorhombic,-0.30230174,0.7064509575920248,15.0918025,0.7846550666666668,0.8428492449056884,0.836568574024049,0.821509737987054,17,mp-20900_H_2_221,Cu-Sb,True,0.03230173999999997
Cu6Sb2,Cu,Sb,221,Orthorhombic,-0.34494688,0.7024080584066102,15.0918025,0.5003541333333333,0.8443471179410464,0.836568574024049,0.728184728088722,66,mp-20900_H_3_221,Cu-Sb,True,0.07494688
Cu6Sb2,Cu,Sb,221,Orthorhombic,-0.22593418,0.7395150445597525,15.0918025,0.7062278666666666,0.8305991733515015,0.836568574024049,0.7915862383741722,32,mp-20900_H_4_221,Cu-Sb,True,0.044065820000000006
Cu6Sb2,Cu,Sb,221,Orthorhombic,-0.18155188,0.7359700782689796,15.0918025,0.4103458666666665,0.8319125648497012,0.836568574024049,0.6943785975685781,88,mp-20900_H_5_221,Cu-Sb,True,0.08844812000000002
Cu6Sn2,Cu,Sn,221,Orthorhombic,-0.22132383,0.9371570147492624,15.4369325,0.6754921999999999,0.7573738555226703,0.834436380594267,0.756554167724532,53,mp-581786_H_0_221,Cu-Sn,True,0.04867617000000002
Cu6Sn2,Cu,Sn,221,Orthorhombic,-0.13593819,0.9552088663905924,15.4369325,0.10625459999999975,0.7506857387599816,0.834436380594267,0.5664986811928446,165,mp-581786_H_1_221,Cu-Sn,True,0.13406181000000003
Cu6Sn2,Cu,Sn,221,Orthorhombic,-0.18781383,0.9683614225445016,15.4369325,0.4520921999999997,0.7458127853902692,0.834436380594267,0.6790170145808395,98,mp-581786_H_2_221,Cu-Sn,True,0.08218617000000003
Cu6Sn2,Cu,Sn,221,Orthorhombic,-0.19890817,0.9175379464783834,15.4369325,0.5260544666666664,0.7646426178622845,0.834436380594267,0.7096384072966047,81,mp-581786_H_3_221,Cu-Sn,True,0.07109183000000002
Cu6Sn2,Cu,Sn,221,Orthorhombic,-0.22595291,0.9594240599831364,15.4369325,0.7063527333333333,0.7491240315465383,0.834436380594267,0.7640157018124084,50,mp-581786_H_5_221,Cu-Sn,True,0.04404709000000001
Fe2Sb4,Fe,Sb,221,Orthorhombic,-0.12118899,0.8208636585485946,19.54103666666666,0.007926599999999784,0.8004599366875674,0.812205176446521,0.5429173170987143,179,mp-20714_H_2_221,Fe-Sb,True,0.14881101000000002
Fe2Sb4,Fe,Sb,221,Orthorhombic,-0.26678021,0.9441538721365528,19.54103666666666,0.9785347333333333,0.7547815563996851,0.812205176446521,0.8481441356037134,7,mp-20714_H_3_221,Fe-Sb,True,0.00321979
Sb4Ru2,Ru,Sb,221,Orthorhombic,-0.18387927,1.0284350710173646,6771.164353333331,0.42586179999999996,0.7235558123478281,0.2607566228148127,0.46796506383181957,222,mp-20928_H_2_221,Ru-Sb,True,0.08612073
Sb4Ru2,Ru,Sb,221,Orthorhombic,-0.31911135,1.1520055505297428,6771.164353333331,0.6725909999999999,0.6777735949985536,0.2607566228148127,0.534277568106559,185,mp-20928_H_3_221,Ru-Sb,True,0.04911135
Co2Sb4,Co,Sb,221,Orthorhombic,-0.32635401,0.8418700093832959,30.74097333333332,0.6243065999999999,0.7926771934027274,0.7694804976404697,0.7292280210206596,65,mp-9835_H_0_221,Co-Sb,True,0.05635401000000001
Fe2Sb4,Fe,Sb,221,Tetragonal,-0.26319651,0.4641970571112371,19.54103666666666,0.9546433999999998,0.9326030499349062,0.812205176446521,0.8989410884703362,1,mp-1072181_H_0_221,Fe-Sb,True,0.006803490000000023
Fe2Sb4,Fe,Sb,221,Tetragonal,-0.26640297,0.635321022506894,19.54103666666666,0.9760198,0.8692025143998078,0.812205176446521,0.8850731237437539,4,mp-1072181_H_1_221,Fe-Sb,True,0.003597030000000001
Mn2Sn4,Mn,Sn,221,Tetragonal,-0.14672684,0.9412600008558636,20.449249999999996,0.17817893333333312,0.7558537205967987,0.8079212477300616,0.5829240000251645,151,mp-20086_H_0_221,Mn-Sn,True,0.12327316000000002
Mn2Sn4,Mn,Sn,221,Tetragonal,-0.15905963,1.1148994473622582,20.449249999999996,0.26039753333333326,0.6915212124465235,0.8079212477300616,0.5888264103355737,145,mp-20086_H_1_221,Mn-Sn,True,0.11094037000000001
Co2Sn4,Co,Sn,221,Tetragonal,-0.14918236,0.8107973203166616,31.66131999999999,0.1945490666666666,0.8041894624340423,0.7666987573477353,0.5902612921014639,142,mp-20155_H_0_221,Co-Sn,True,0.12081764
Co2Sn4,Co,Sn,221,Tetragonal,-0.23532628,0.792209376290914,31.66131999999999,0.7688418666666665,0.8110761986255748,0.7666987573477353,0.7820505390446697,37,mp-20155_H_2_221,Co-Sn,True,0.03467372000000002
Fe2Sn4,Fe,Sn,221,Tetragonal,-0.2331692,0.881321899591497,20.461383333333327,0.7544613333333332,0.7780604741063468,0.8078653134394425,0.7804064030245049,39,mp-22752_H_0_221,Fe-Sn,True,0.036830800000000025
Fe2Sn4,Fe,Sn,221,Tetragonal,-0.37154025,0.8605838710416468,20.461383333333327,0.32306499999999994,0.7857438053858827,0.8078653134394425,0.6405811123467517,119,mp-22752_H_2_221,Fe-Sn,True,0.10154025
Sn4Ru2,Ru,Sn,221,Tetragonal,-0.25717356,0.9432197853471612,6772.084699999998,0.9144904,0.7551276306771644,0.26074380651155415,0.6396268443373927,120,mp-510219_H_0_221,Ru-Sn,True,0.012826439999999995
Sn4Ru2,Ru,Sn,221,Tetragonal,-0.27850883,1.1221709484819655,6772.084699999998,0.9432744666666669,0.688827159254923,0.26074380651155415,0.6272464307680531,125,mp-510219_H_1_221,Ru-Sn,True,0.008508829999999967
Sn4Ru2,Ru,Sn,221,Tetragonal,-0.37401592,0.9350583236383234,6772.084699999998,0.30656053333333344,0.7581514096194834,0.26074380651155415,0.44000783538835797,247,mp-510219_H_2_221,Ru-Sn,True,0.10401591999999998
Ti2Sb4,Sb,Ti,221,Tetragonal,-0.33963829,0.9080657708260692,21.78492666666666,0.5357447333333334,0.7681520094758479,0.8019547929262757,0.7029505547219637,85,mp-568_H_0_221,Sb-Ti,True,0.06963828999999999
